country,sheet,first_year_proj,source_label,source_file
Afghanisatn_AFG,AFG_EBS.18.101_Ext_Debt_Data,2018,Input 1 - Basics!C18,"AFG_EBS.18.101, Sup. 1.xlsm"
Afghanisatn_AFG,AFG_EBS.19.116_Ext_Debt_Data,2019,Input 1 - Basics!C18,"AFG_EBS.19.116, Sup. 2.xlsm"
Afghanisatn_AFG,AFG_EBS.20.160_Ext_Debt_Data,2020,Input 1 - Basics!C18,"AFG_EBS.20.160, Sup. 1.xlsm"
Afghanisatn_AFG,AFG_EBS.20.74_Ext_Debt_Data,2020,Input 1 - Basics!C18,"AFG_EBS.20.74, Sup. 1.xlsm"
Afghanisatn_AFG,AFG_EBS.21.43_Ext_Debt_Data,2021,Input 1 - Basics!C18,"AFG_EBS.21.43, Sup. 1.xlsm"
Bangladesh_BGD,BGD_EBS.20.99_Ext_Debt_Data,2020,Input 1 - Basics!C18,"BGD_EBS.20.99, Sup. 1.xlsm"
Bangladesh_BGD,BGD_EBS.23.126_Ext_Debt_Data,2024,Input 1 - Basics!C18,"BGD_EBS.23.126, Sup. 2.xlsm"
Bangladesh_BGD,BGD_EBS.23.6_Ext_Debt_Data,2023,Input 1 - Basics!C18,"BGD_EBS.23.6, Sup. 2.xlsm"
Bangladesh_BGD,BGD_SM.18.108_Inp_Out_Debt,2018,Output - Submit!C9,"BGD_SM.18.108, Sup. 2.xlsm"
Bangladesh_BGD,BGD_SM.19.209_Ext_Debt_Data,2019,Input 1 - Basics!C18,"BGD_SM.19.209, Sup. 2.xlsm"
Bangladesh_BGD,BGD_SM.22.38_Ext_Debt_Data,2022,Input 1 - Basics!C18,"BGD_SM.22.38, Sup. 2.xlsm"
Benin_BEN,BEN_EBS.18.102_Ext_Debt_Data,2018,Input 1 - Basics!C18,"BEN_EBS.18.102, Sup. 1.xlsm"
Benin_BEN,BEN_EBS.18.56_Inp_Out_Debt,2018,Output - Submit!C9,BEN_EBS.18.56.xlsm
Benin_BEN,BEN_EBS.19.103_Ext_Debt_Data,2019,Input 1 - Basics!C18,"BEN_EBS.19.103, Sup. 1.xlsm"
Benin_BEN,BEN_EBS.19.47_Ext_Debt_Data,2019,Input 1 - Basics!C18,"BEN_EBS.19.47, Sup. 2.xlsm"
Benin_BEN,BEN_EBS.20.186_Ext_Debt_Data,2020,Input 1 - Basics!C18,"BEN_EBS.20.186, Sup. 1.xlsm"
Benin_BEN,BEN_EBS.20.94_Ext_Debt_Data,2020,Input 1 - Basics!C18,"BEN_EBS.20.94, Sup. 1.xlsm"
Benin_BEN,BEN_EBS.22.110_Ext_Debt_Data,2022,Input 1 - Basics!C18,"BEN_EBS.22.110, Sup. 1.xlsm"
Benin_BEN,BEN_EBS.22.61_Ext_Debt_Data,2022,Input 1 - Basics!C18,"BEN_EBS.22.61, Sup. 1.xlsm"
Benin_BEN,BEN_EBS.23.132_Ext_Debt_Data,2023,Input 1 - Basics!C18,"BEN_EBS.23.132, Sup. 1.xlsm"
Benin_BEN,BEN_EBS.23.48_Ext_Debt_Data,2023,Input 1 - Basics!C18,"BEN_EBS.23.48, Sup. 1.xlsm"
Bhutan_BTN,BTN_SM.18.213_Inp_Out_Debt,2018,Output - Submit!C9,"BTN_SM.18.213, Sup. 2.xlsm"
Bhutan_BTN,BTN_SM.22.88_Ext_Debt_Data,2022,Input 1 - Basics!C18,"BTN_SM.22.88, Sup. 2.xlsm"
Burkina Faso_BFA,BFA_EBS.18.11_Inp_Out_Debt,2017,Output - Submit!C9,"BFA_EBS.18.11, Sup. 1.xlsm"
Burkina Faso_BFA,BFA_EBS.18.125_Ext_Debt_Data,2018,Input 1 - Basics!C18,"BFA_EBS.18.125, Sup. 1.xlsm"
Burkina Faso_BFA,BFA_EBS.19.119_Ext_Debt_Data,2019,Input 1 - Basics!C18,"BFA_EBS.19.119, Sup. 1.xlsm"
Burkina Faso_BFA,BFA_EBS.20.163_Ext_Debt_Data,2020,Input 1 - Basics!C18,"BFA_EBS.20.163, Sup. 1.xlsm"
Burkina Faso_BFA,BFA_EBS.20.42_Ext_Debt_Data,2019,Input 1 - Basics!C18,BFA_EBS.20.42.xlsm
Burkina Faso_BFA,BFA_EBS.23.19_Ext_Debt_Data,2022,Input 1 - Basics!C18,"BFA_EBS.23.19, Sup. 1.xlsm"
Burkina Faso_BFA,BFA_EBS.23.96_Ext_Debt_Data,2023,Input 1 - Basics!C18,"BFA_EBS.23.96, Sup. 1.xlsm"
Burundi_BDI,BDI_EBS.21.92_Ext_Debt_Data,2021,Input 1 - Basics!C18,"BDI_EBS.21.92, Sup 1.xlsm"
Burundi_BDI,BDI_EBS.23.78_Ext_Debt_Data,2023,Input 1 - Basics!C18,"BDI_EBS.23.78, Sup. 1.xlsm"
Burundi_BDI,BDI_SM.22.170._Ext_Debt_Data,2022,Input 1 - Basics!C18,BDI_SM.22.170. Sup. 2.xlsm
Cabo Verde_CPV,CPV_EBS.19.68_Ext_Debt_Data,2019,Input 1 - Basics!C18,"CPV_EBS.19.68, Sup. 1.xlsm"
Cabo Verde_CPV,CPV_EBS.20.152_Ext_Debt_Data,2020,Input 1 - Basics!C18,"CPV_EBS.20.152, Sup. 1.xlsm"
Cabo Verde_CPV,CPV_EBS.20.63_Ext_Debt_Data,2020,Input 1 - Basics!C18,"CPV_EBS.20.63, Sup. 1.xlsm"
Cabo Verde_CPV,CPV_EBS.22.42_Ext_Debt_Data,2022,Input 1 - Basics!C18,"CPV_EBS.22.42, Sup. 1.xlsm"
Cabo Verde_CPV,CPV_EBS.23.127_Ext_Debt_Data,2023,Input 1 - Basics!C18,"CPV_EBS.23.127, Sup. 1.xlsm"
Cabo Verde_CPV,CPV_EBS.23.63_Ext_Debt_Data,2023,Input 1 - Basics!C18,"CPV_EBS.23.63, Sup.1.xlsm"
Cabo Verde_CPV,CPV_SM.18.60_Inp_Out_Debt,2017,Output - Submit!C9,"CPV_SM.18.60, Sup. 1.xlsm"
Cambodia_KHM,KHM_SM.18.264_Ext_Debt_Data,2018,Input 1 - Basics!C18,"KHM_SM.18.264, Sup. 2.xlsm"
Cambodia_KHM,KHM_SM.19.263_Ext_Debt_Data,2019,Input 1 - Basics!C18,"KHM_SM.19.263, Sup. 1.xlsm"
Cambodia_KHM,KHM_SM.21.193_Ext_Debt_Data,2021,Input 1 - Basics!C18,"KHM_SM.21.193, Sup. 2.xlsm"
Cambodia_KHM,KHM_SM.22.253_Ext_Debt_Data,2022,Input 1 - Basics!C18,"KHM_SM.22.253, Sup. 2.xlsm"
Cambodia_KHM,KHM_SM.23.268_Ext_Debt_Data,2023,Input 1 - Basics!C18,"KHM_SM.23.268, Sup. 1.xlsm"
Cameroon_CMR,CMR_EBS.18.116_Ext_Debt_Data,2018,Input 1 - Basics!C18,"CMR_EBS.18.116, Sup. 1.XLSM"
Cameroon_CMR,CMR_EBS.18.64_Inp_Out_Debt,2018,Output - Submit!C9,"CMR_EBS.18.64, Sup. 2.xlsm"
Cameroon_CMR,CMR_EBS.20.1_Ext_Debt_Data,2019,Input 1 - Basics!C18,"CMR_EBS.20.1, Sup. 1.xlsm"
Cameroon_CMR,CMR_EBS.20.154_Ext_Debt_Data,2020,Input 1 - Basics!C18,CMR_EBS.20.154.xlsm
Cameroon_CMR,CMR_EBS.20.82_Ext_Debt_Data,2019,Input 1 - Basics!C18,"CMR_EBS.20.82, Sup. 1.xlsm"
Cameroon_CMR,CMR_EBS.21.72_Ext_Debt_Data,2021,Input 1 - Basics!C18,"CMR_EBS.21.72,Sup. 1.xlsm"
Cameroon_CMR,CMR_EBS.22.66_Ext_Debt_Data,2022,Input 1 - Basics!C18,CMR_EBS.22.66.Sup. 1.xlsm
Cameroon_CMR,CMR_EBS.22.7_Ext_Debt_Data,2021,Input 1 - Basics!C18,"CMR_EBS.22.7, Sup. 1.xlsm"
Cameroon_CMR,CMR_EBS.23.149_Ext_Debt_Data,2023,Input 1 - Basics!C18,"CMR_EBS.23.149, Sup. 1.xlsm"
Cameroon_CMR,CMR_EBS.23.16_Ext_Debt_Data,2022,Input 1 - Basics!C18,"CMR_EBS.23.16, Sup. 1.xlsm"
Cameroon_CMR,CMR_EBS.24.4_Ext_Debt_Data,2023,Input 1 - Basics!C18,"CMR_EBS.24.4, Sup. 1.xlsm"
Central African Republic_CAF,CAF _EBS.19.57_Ext_Debt_Data,2019,Input 1 - Basics!C18,"CAF _EBS.19.57, Sup. 1.xlsm"
Central African Republic_CAF,CAF_EBS.18.58_Inp_Out_Debt,2018,Output - Submit!C9,"CAF_EBS.18.58, Sup. 1.xlsm"
Central African Republic_CAF,CAF_EBS.19.121_Ext_Debt_Data,2019,Input 1 - Basics!C18,"CAF_EBS.19.121, Sup. 1.xlsm"
Central African Republic_CAF,CAF_EBS.20.198_Ext_Debt_Data,2020,Input 1 - Basics!C18,"CAF_EBS.20.198, Sup. 1.xlsm"
Central African Republic_CAF,CAF_EBS.20.59_Ext_Debt_Data,2020,Input 1 - Basics!C18,"CAF_EBS.20.59, Sup. 1.xlsm"
Central African Republic_CAF,CAF_EBS.23.108_Ext_Debt_Data,2022,Input 1 - Basics!C18,"CAF_EBS.23.108, Sup. 1.xlsm"
Central African Republic_CAF,CAF_EBS.23.42_Ext_Debt_Data,2022,Input 1 - Basics!C18,"CAF_EBS.23.42, Sup. 2.xlsm"
Chad_TCD,TCD_EBS.18.122_Ext_Debt_Data,2018,Input 1 - Basics!C18,"TCD_EBS.18.122, Sup. 1.xlsm"
Chad_TCD,TCD_EBS.18.24_Inp_Out_Debt,2017,PV Stress!D3,"TCD_EBS.18.24,Sup. 1.xlsm"
Chad_TCD,TCD_EBS.18.70_Inp_Out_Debt,2017,PV Stress!D3,"TCD_EBS.18.70, Sup. 1.xlsm"
Chad_TCD,TCD_EBS.19.60_Ext_Debt_Data,2019,Output - Submit!C9,"TCD_EBS.19.60, Sup. 1.XLSM"
Chad_TCD,TCD_EBS.20.123_Ext_Debt_Data,2020,Output - Submit!C9,"TCD_EBS.20.123, Sup.1.xlsm"
Chad_TCD,TCD_EBS.20.49_Ext_Debt_Data,2020,Output - Submit!C9,"TCD_EBS.20.49, Sup. 1.xlsm"
Chad_TCD,TCD_EBS.21.105_Ext_Debt_Data,2021,Output - Submit!C9,"TCD_EBS.21.105,Sup. 1.xlsm"
Chad_TCD,TCD_EBS.22.118_Ext_Debt_Data,2022,Input 1 - Basics!C18,"TCD_EBS.22.118, Sup. 1.xlsm"
Comoros_COM,COM_EBS.19.2_Ext_Debt_Data,2018,Input 1 - Basics!C18,COM_EBS.19.2.xlsm
Comoros_COM,COM_EBS.19.75_Ext_Debt_Data,2019,Input 1 - Basics!C18,"COM_EBS.19.75, Sup. 1.xlsm"
Comoros_COM,COM_EBS.20.65_Ext_Debt_Data,2019,Input 1 - Basics!C18,COM_EBS.20.65.xlsm
Comoros_COM,COM_EBS.21.91_Ext_Debt_Data,2021,Input 1 - Basics!C18,"COM_EBS.21.91, Sup. 1.xlsm"
Comoros_COM,COM_EBS.23.135_Ext_Debt_Data,2023,Input 1 - Basics!C18,"COM_EBS.23.135, Sup. 2.xlsm"
Comoros_COM,COM_EBS.23.52_Ext_Debt_Data,2023,Input 1 - Basics!C18,"COM_EBS.23.52, Sup. 1.xlsm"
Comoros_COM,COM_SM.18.128_Inp_Out_Debt,2018,Output - Submit!C9,COM_SM.18.128.xlsm
Comoros_COM,COM_SM.20.60_Ext_Debt_Data,2019,Input 1 - Basics!C18,COM_SM.20.60.xlsm
Congo DR_COD,COD_EBS.19.115_Ext_Debt_Data,2019,Input 1 - Basics!C18,"COD_EBS.19.115, Sup. 1.xlsm"
Congo DR_COD,COD_EBS.20.64_Ext_Debt_Data,2019,Input 1 - Basics!C18,"COD_EBS.20.64, Sup. 1_SMPpluscovid.xlsm"
Congo DR_COD,COD_EBS.21.109_Ext_Debt_Data,2021,Input 1 - Basics!C18,"COD_EBS.21.109, Sup. 1_UP.xlsm"
Congo DR_COD,COD_EBS.21.66_Ext_Debt_Data,2020,Input 1 - Basics!C18,"COD_EBS.21.66, Sup. 1_UP.xlsm"
Congo DR_COD,COD_EBS.23.69_Ext_Debt_Data,2023,Input 1 - Basics!C18,COD_EBS.23.69_Sup. 1.xlsm
Congo DR_COD,COD_SM.19.204_Ext_Debt_Data,2019,Input 1 - Basics!C18,"COD_SM.19.204, Sup. 2.xlsm"
Congo Republic of_COG,COG_EBS.18.75_Inp_Out_Debt,2018,Output - Submit!C9,COG_EBS.18.75.xlsm
Congo Republic of_COG,COG_EBS.19.64_Ext_Debt_Data,2019,Input 1 - Basics!C18,"COG_EBS.19.64, Sup. 1.xlsm"
Congo Republic of_COG,COG_EBS.22.1_Ext_Debt_Data,2021,Input 1 - Basics!C18,"COG_EBS.22.1, Sup. 1.xlsm"
Congo Republic of_COG,COG_EBS.22.50_Ext_Debt_Data,2022,Input 1 - Basics!C18,"COG_EBS.22.50, Sup. 1.xlsm"
Congo Republic of_COG,COG_EBS.23.11_Ext_Debt_Data,2022,Input 1 - Basics!C18,"COG_EBS.23.11, Sup. 1.xlsm"
Congo Republic of_COG,COG_EBS.23.145_Ext_Debt_Data,2023,Input 1 - Basics!C18,"COG_EBS.23.145, Sup. 1.xlsm"
Congo Republic of_COG,COG_EBS.23.85_Ext_Debt_Data,2023,Input 1 - Basics!C18,COG_EBS.23.85_Sup. 1.xlsm
Congo Republic of_COG,COG_SM.20.1_Ext_Debt_Data,2019,Input 1 - Basics!C18,"COG_SM.20.1, Sup. 1.xlsm"
Congo Republic of_COG,COG_SM.21.165_Ext_Debt_Data,2021,Input 1 - Basics!C18,"COG_SM.21.165, Sup. 1.xlsm"
Cote d'lvoire_CIV,CIV_EBS.18.110_Ext_Debt_Data,2018,Input 1 - Basics!C18,"CIV_EBS.18.110, Sup. 1.xlsm"
Cote d'lvoire_CIV,CIV_EBS.18.47_Inp_Out_Debt,2018,PV Stress!D3,"CIV_EBS.18.47, Sup. 2.xlsm"
Cote d'lvoire_CIV,CIV_EBS.19.98_Ext_Debt_Data,2019,Input 1 - Basics!C18,"CIV_EBS.19.98, Sup. 1.xlsm"
Cote d'lvoire_CIV,CIV_EBS.20.172_Ext_Debt_Data,2020,Input 1 - Basics!C18,"CIV_EBS.20.172, Sup. 1.xlsm"
Cote d'lvoire_CIV,CIV_EBS.20.57_Ext_Debt_Data,2020,Input 1 - Basics!C18,"CIV_EBS.20.57, Sup. 1.xlsm"
Cote d'lvoire_CIV,CIV_EBS.23.123_Ext_Debt_Data,2023,Input 1 - Basics!C18,"CIV_EBS.23.123, Sup. 1.xlsm"
Cote d'lvoire_CIV,CIV_EBS.23.50_Ext_Debt_Data,2023,Input 1 - Basics!C18,"CIV_EBS.23.50, Sup. 1.xlsm"
Cote d'lvoire_CIV,CIV_SM.21.132_Ext_Debt_Data,2021,Input 1 - Basics!C18,"CIV_SM.21.132, Sup. 2.xlsm"
Cote d'lvoire_CIV,CIV_SM.22.122_Ext_Debt_Data,2022,Input 1 - Basics!C18,"CIV_SM.22.122, Sup. 1.xlsm"
Djibouti_DJI,DJI_EBS.20.89_Ext_Debt_Data,2020,Input 1 - Basics!C18,"DJI_EBS.20.89, Sup. 1.xlsm"
Djibouti_DJI,DJI_SM.19.218_Ext_Debt_Data,2019,Input 1 - Basics!C18,"DJI_SM.19.218, Sup. 1.xlsm"
Djibouti_DJI,DJI_SM.22.30_Ext_Debt_Data,2021,Input 1 - Basics!C18,"DJI_SM.22.30, Sup. 2.xlsm"
Djibouti_DJI,DJI_SM.23.32_Ext_Debt_Data,2022,Input 1 - Basics!C18,"DJI_SM.23.32, Sup. 2.xlsm"
Dominica_DMA,DMA_EBS.20.72_Ext_Debt_Data,2019,Input 1 - Basics!C18,"DMA_EBS.20.72, Sup. 1.xlsm"
Dominica_DMA,DMA_SM.18.139_Inp_Out_Debt,2017,Output - Submit!C9,DMA_SM.18.139.xlsm
Dominica_DMA,DMA_SM.19.158_Ext_Debt_Data,2018,Input 1 - Basics!C18,"DMA_SM.19.158, Sup. 2.xlsm"
Dominica_DMA,DMA_SM.22.7_Ext_Debt_Data,2021,Input 1 - Basics!C18,"DMA_SM.22.7, Sup.2.xlsm"
Dominica_DMA,DMA_SM.23.127_Ext_Debt_Data,2022,Input 1 - Basics!C18,"DMA_SM.23.127, Sup. 1.xlsm"
Eritrea_ERI,ERI_SM.19.187_Ext_Debt_Data,2019,Input 1 - Basics!C18,"ERI_SM.19.187, Sup. 1.xlsm"
Ethiopia_ETH,ETH_EBS.19.122_Ext_Debt_Data,2020,Input 1 - Basics!C18,"ETH_EBS.19.122, Sup. 1.xlsm"
Ethiopia_ETH,ETH_EBS.20.77_Ext_Debt_Data,2020,Input 1 - Basics!C18,"ETH_EBS.20.77, Sup. 1.xlsm"
Ethiopia_ETH,ETH_SM.18.270_Ext_Debt_Data,2019,Output - Submit!C9,"ETH_SM.18.270, Sup. 1.xlsm"
Gambia_GMB,GMB_EBS.18.13_Inp_Out_Debt,2017,PV Stress!D3,"GMB_EBS.18.13, Sup. 1.xlsm"
Gambia_GMB,GMB_EBS.18.60_Inp_Out_Debt,2018,PV Stress!D3,"GMB_EBS.18.60, Sup. 1.xlsm"
Gambia_GMB,GMB_EBS.19.26_Ext_Debt_Data,2019,Input 1 - Basics!C18,"GMB_EBS.19.26, Sup. 1.xlsm"
Gambia_GMB,GMB_EBS.20.13_Ext_Debt_Data,2020,Input 1 - Basics!C18,"GMB_EBS.20.13, Sup. 1.xlsm"
Gambia_GMB,GMB_EBS.20.197_Ext_Debt_Data,2020,Input 1 - Basics!C18,"GMB_EBS.20.197, Sup. 1.xlsm"
Gambia_GMB,GMB_EBS.20.43_Ext_Debt_Data,2020,Input 1 - Basics!C18,"GMB_EBS.20.43, Sup. 1.xlsm"
Gambia_GMB,GMB_EBS.21.97_Ext_Debt_Data,2021,Input 1 - Basics!C18,"GMB_EBS.21.97, Sup. 1.xlsm"
Gambia_GMB,GMB_EBS.22.105_Ext_Debt_Data,2022,Input 1 - Basics!C18,"GMB_EBS.22.105, Sup. 1.xlsm"
Gambia_GMB,GMB_EBS.22.37_Ext_Debt_Data,2022,Input 1 - Basics!C18,"GMB_EBS.22.37, Sup. 1.xlsm"
Gambia_GMB,GMB_EBS.23.153_Ext_Debt_Data,2023,Input 1 - Basics!C18,"GMB_EBS.23.153, Sup. 1.xlsm"
Gambia_GMB,GMB_EBS.23.57_Ext_Debt_Data,2023,Input 1 - Basics!C18,"GMB_EBS.23.57, Sup. 1.xlsm"
Ghana_GHA,GHA_EBS.18.29_Inp_Out_Debt,2017,Output - Submit!C9,"GHA_EBS.18.29, Sup. 1.xlsm"
Ghana_GHA,GHA_EBS.19.10_Ext_Debt_Data,2018,Input 1 - Basics!C18,"GHA_EBS.19.10, Sup. 1.xlsm"
Ghana_GHA,GHA_EBS.20.38_Ext_Debt_Data,2020,Input 1 - Basics!C18,GHA_EBS.20.38.xlsm
Ghana_GHA,GHA_EBS.23.151_Ext_Debt_Data,2023,Input 1 - Basics!C18,"GHA_EBS.23.151,Sup. 1.xlsm"
Ghana_GHA,GHA_EBS.23.47_Ext_Debt_Data,2023,Input 1 - Basics!C18,"GHA_EBS.23.47, Sup. 1.xlsm"
Ghana_GHA,GHA_SM.19.264_Ext_Debt_Data,2019,Input 1 - Basics!C18,"GHA_SM.19.264, Sup. 1.xlsm"
Ghana_GHA,GHA_SM.21.128_Ext_Debt_Data,2021,Input 1 - Basics!C18,"GHA_SM.21.128, Sup. 2.xlsm"
Grenada_GRD,GRD_EBS.20.70_Ext_Debt_Data,2020,Input 1 - Basics!C18,"GRD_EBS.20.70, Sup. 1.xlsm"
Grenada_GRD,GRD_SM.18.183_Inp_Out_Debt,2018,Output - Submit!C9,"GRD_SM.18.183, Sup. 2.xlsm"
Grenada_GRD,GRD_SM.19.123_Ext_Debt_Data,2019,Input 1 - Basics!C18,"GRD_SM.19.123, Sup. 2.xlsm"
Grenada_GRD,GRD_SM.22.84_Ext_Debt_Data,2022,Input 1 - Basics!C18,"GRD_SM.22.84, Sup. 2.xlsm"
Grenada_GRD,GRD_SM.23.158_Ext_Debt_Data,2023,Input 1 - Basics!C18,"GRD_SM.23.158, Sup. 2.xlsm"
Guinea-Bissau_GNB,GNB_EBS.18.40_Inp_Out_Debt,2018,Output - Submit!C9,"GNB_EBS.18.40, Sup. 1.XLSM"
Guinea-Bissau_GNB,GNB_EBS.21.3_Ext_Debt_Data,2020,Input 1 - Basics!C18,GNB_EBS.21.3 Sup. 2.xlsm
Guinea-Bissau_GNB,GNB_EBS.21.75_Ext_Debt_Data,2021,Input 1 - Basics!C18,"GNB_EBS.21.75, Sup. 1.xlsm"
Guinea-Bissau_GNB,GNB_EBS.22.41_Ext_Debt_Data,2022,Input 1 - Basics!C18,"GNB_EBS.22.41, Sup. 1.xlsm"
Guinea-Bissau_GNB,GNB_EBS.23.119_Ext_Debt_Data,2023,Input 1 - Basics!C18,"GNB_EBS.23.119, Sup. 1.xlsm"
Guinea-Bissau_GNB,GNB_EBS.23.7_Ext_Debt_Data,2022,Input 1 - Basics!C18,"GNB_EBS.23.7, Sup. 1.xlsm"
Guinea_GIN,GIN_EBS.18.121_Ext_Debt_Data,2018,Input 1 - Basics!C18,"GIN_EBS.18.121, Sup. 1.xlsm"
Guinea_GIN,GIN_EBS.18.52_Inp_Out_Debt,2018,Output - Submit!C9,"GIN_EBS.18.52, Sup. 2.xlsm"
Guinea_GIN,GIN_EBS.19.72_Ext_Debt_Data,2019,Input 1 - Basics!C18,"GIN_EBS.19.72, Sup. 1.xlsm"
Guinea_GIN,GIN_EBS.20.116_Ext_Debt_Data,2020,Input 1 - Basics!C18,"GIN_EBS.20.116, Sup. 1.xlsm"
Guinea_GIN,GIN_EBS.20.175_Ext_Debt_Data,2020,Input 1 - Basics!C18,"GIN_EBS.20.175, Sup. 1.xlsm"
Guinea_GIN,GIN_EBS.20.22_Ext_Debt_Data,2020,Input 1 - Basics!C18,"GIN_EBS.20.22, Sup. 1.xlsm"
Guinea_GIN,GIN_EBS.22.119_Ext_Debt_Data,2022,Input 1 - Basics!C18,"GIN_EBS.22.119, Sup. 1.xlsm"
Guinea_GIN,GIN_SM.21.89_Ext_Debt_Data,2021,Input 1 - Basics!C18,"GIN_SM.21.89, Sup. 1.xlsm"
Guyana_GUY,GUY_SM.18.134_Inp_Out_Debt,2018,Output - Submit!C9,"GUY_SM.18.134, Sup. 2.xlsm"
Guyana_GUY,GUY_SM.19.199_Ext_Debt_Data,2019,Input 1 - Basics!C18,"GUY_SM.19.199, Sup. 2.xlsm"
Guyana_GUY,GUY_SM.22.195_Ext_Debt_Data,2022,Input 1 - Basics!C18,"GUY_SM.22.195, Sup. 2.xlsm"
Guyana_GUY,GUY_SM.23.219_Ext_Debt_Data,2023,Input 1 - Basics!C18,"GUY_SM.23.219, Sup. 2.xlsm"
Haiti_HTI,HTI_EBS.20.55_Ext_Debt_Data,2020,Input 1 - Basics!C18,"HTI_EBS.20.55, Sup. 1.xlsm"
Haiti_HTI,HTI_EBS.22.59_Ext_Debt_Data,2023,Input 1 - Basics!C18,HTI_EBS.22.59.xlsm
Haiti_HTI,HTI_SM.19.283_Ext_Debt_Data,2020,Input 1 - Basics!C18,"HTI_SM.19.283, Sup. 2.xlsm"
Honduras_HND,HND_EBS.19.62_Ext_Debt_Data,2019,Input 1 - Basics!C18,HND_EBS.19.62.xlsm
Honduras_HND,HND_EBS.20.102_Ext_Debt_Data,2020,Input 1 - Basics!C18,"HND_EBS.20.102, Sup. 1.xlsm"
Honduras_HND,HND_EBS.21.79_Ext_Debt_Data,2021,Input 1 - Basics!C18,"HND_EBS.21.79, Sup. 1.xlsm"
Honduras_HND,HND_EBS.23.94_Ext_Debt_Data,2023,Input 1 - Basics!C18,"HND_EBS.23.94, Sup. 2.xlsm"
Honduras_HND,HND_SM.18.114_Inp_Out_Debt,2018,Output - Submit!C9,"HND_SM.18.114, Sup. 2.xlsm"
Kenya_KEN,KEN_EBS.18.45_Inp_Out_Debt,2017,Output - Submit!C9,"KEN_EBS.18.45, Sup. 1.xlsm"
Kenya_KEN,KEN_EBS.20.88_Ext_Debt_Data,2020,Input 1 - Basics!C18,"KEN_EBS.20.88, Sup. 2.xlsm"
Kenya_KEN,KEN_EBS.21.112_Ext_Debt_Data,2021,Input 1 - Basics!C18,"KEN_EBS.21.112, Sup. 1.xlsm"
Kenya_KEN,KEN_EBS.21.29_Ext_Debt_Data,2021,Input 1 - Basics!C18,"KEN_EBS.21.29, Sup. 1.xlsm"
Kenya_KEN,KEN_EBS.22.116_Ext_Debt_Data,2022,Input 1 - Basics!C18,"KEN_EBS.22.116, Sup. 1.xlsm"
Kenya_KEN,KEN_EBS.23.76_Ext_Debt_Data,2023,Input 1 - Basics!C18,"KEN_EBS.23.76, Sup. 1.xlsm"
Kenya_KEN,KEN_EBS.24.1_Ext_Debt_Data,2023,Input 1 - Basics!C18,"KEN_EBS.24.1, Sup. 1.xlsm"
Kiribati_KIR,KIR_SM.18.297_Ext_Debt_Data,2018,Input 1 - Basics!C18,"KIR_SM.18.297, Sup. 2.xlsm"
Kiribati_KIR,KIR_SM.21.46_Ext_Debt_Data,2020,Input 1 - Basics!C18,"KIR_SM.21.46, Sup. 2.xlsm"
Kiribati_KIR,KIR_SM.23.83_Ext_Debt_Data,2022,Input 1 - Basics!C18,"KIR_SM.23.83, Sup. 2.xlsm"
Kyrgyz Republic_KGZ,KGZ_EBS.20.24_Ext_Debt_Data,2020,Input 1 - Basics!C18,"KGZ_EBS.20.24, Sup. 1.xlsm"
Kyrgyz Republic_KGZ,KGZ_SM.19.117_Ext_Debt_Data,2018,Input 1 - Basics!C18,"KGZ_SM.19.117, Sup. 2.xlsm"
Kyrgyz Republic_KGZ,KGZ_SM.21.75_Ext_Debt_Data,2021,Input 1 - Basics!C18,"KGZ_SM.21.75, Sup. 1, Cor. 1.xlsm"
Kyrgyz Republic_KGZ,KGZ_SM.23.3_Ext_Debt_Data,2022,Input 1 - Basics!C18,"KGZ_SM.23.3, Sup. 1.xlsm"
Kyrgyz Republic_KGZ,KGZ_SM.24.20_Ext_Debt_Data,2023,Input 1 - Basics!C18,"KGZ_SM.24.20, Sup. 2.xlsm"
Lao PDR_LAO,LAO_SM.18.26_Inp_Out_Debt,2017,Output - Submit!C9,"LAO_SM.18.26, Sup. 2.xlsm"
Lao PDR_LAO,LAO_SM.19.194_Ext_Debt_Data,2018,Input 1 - Basics!C18,"LAO_SM.19.194, Sup. 2.xlsm"
Lao PDR_LAO,LAO_SM.22.37_Ext_Debt_Data,2021,Input 1 - Basics!C18,"LAO_SM.22.37, Sup. 2.xlsm"
Lao PDR_LAO,LAO_SM.23.88_Ext_Debt_Data,2022,Input 1 - Basics!C18,"LAO_SM.23.88, Sup. 1.xlsm"
Lesotho_LSO,LSO_EBS.20.126_Ext_Debt_Data,2020,Input 1 - Basics!C18,"LSO_EBS.20.126, Sup. 1.xlsm"
Lesotho_LSO,LSO_SM.18.22_Inp_Out_Debt,2017,Output - Submit!C9,LSO_SM.18.22.xlsm
Lesotho_LSO,LSO_SM.19.79_Ext_Debt_Data,2018,Input 1 - Basics!C18,LSO_SM.19.79.xlsm
Lesotho_LSO,LSO_SM.22.102_Ext_Debt_Data,2022,Input 1 - Basics!C18,"LSO_SM.22.102, Sup. 2.xlsm"
Lesotho_LSO,LSO_SM.23.167_Ext_Debt_Data,2023,Input 1 - Basics!C18,"LSO_SM.23.167, Sup. 2.xlsm"
Liberia_LBR,LBR_EBS.19.102_Ext_Debt_Data,2020,Input 1 - Basics!C18,"LBR_EBS.19.102, Sup. 2.xlsm"
Liberia_LBR,LBR_EBS.20.110_Ext_Debt_Data,2020,Input 1 - Basics!C18,"LBR_EBS.20.110, Sup. 1.xlsm"
Liberia_LBR,LBR_EBS.20.184_Ext_Debt_Data,2021,Input 1 - Basics!C18,"LBR_EBS.20.184, Sup. 2.xlsm"
Liberia_LBR,LBR_EBS.22.72_Ext_Debt_Data,2022,Input 1 - Basics!C18,"LBR_EBS.22.72, Sup.1.xlsm"
Liberia_LBR,LBR_SM.18.124_Inp_Out_Debt,2018,Output - Submit!C9,"LBR_SM.18.124, Sup. 1.xlsm"
Liberia_LBR,LBR_SM.19.108_Ext_Debt_Data,2019,Input 1 - Basics!C18,"LBR_SM.19.108, Sup. 2.xlsm"
Madagascar_MDG,MDG_EBS.18.66_Inp_Out_Debt,2018,Output - Submit!C9,"MDG_EBS.18.66, Sup. 1.xlsm"
Madagascar_MDG,MDG_EBS.19.73_Ext_Debt_Data,2019,Input 1 - Basics!C18,"MDG_EBS.19.73, Sup. 1.xlsm"
Madagascar_MDG,MDG_EBS.20.124_Ext_Debt_Data,2019,Input 1 - Basics!C18,"MDG_EBS.20.124, Sup. 1.xlsm"
Madagascar_MDG,MDG_EBS.20.3_Ext_Debt_Data,2019,Input 1 - Basics!C18,"MDG_EBS.20.3, Sup. 1.xlsm"
Madagascar_MDG,MDG_EBS.20.30_Ext_Debt_Data,2019,Input 1 - Basics!C18,MDG_EBS.20.30.xlsm
Madagascar_MDG,MDG_EBS.21.26_Ext_Debt_Data,2020,Input 1 - Basics!C18,"MDG_EBS.21.26, Sup. 1.xlsm"
Madagascar_MDG,MDG_EBS.22.9_Ext_Debt_Data,2021,Input 1 - Basics!C18,"MDG_EBS.22.9, Sup. 1.xlsm"
Madagascar_MDG,MDG_EBS.23.14_Ext_Debt_Data,2022,Input 1 - Basics!C18,"MDG_EBS.23.14, Sup. 1.xlsm"
Malawi_MWI,MWI_EBS.18.28_Inp_Out_Debt,2018,Output - Submit!C9,MWI_EBS.18.28.xlsm
Malawi_MWI,MWI_EBS.18.96_Ext_Debt_Data,2018,Input 1 - Basics!C18,MWI_EBS.18.96.xlsm
Malawi_MWI,MWI_EBS.19.95_Ext_Debt_Data,2019,Input 1 - Basics!C18,"MWI_EBS.19.95, Sup. 2.xlsm"
Malawi_MWI,MWI_EBS.20.151_Ext_Debt_Data,2020,Input 1 - Basics!C18,"MWI_EBS.20.151, Sup. 1.xlsm"
Malawi_MWI,MWI_EBS.20.81_Ext_Debt_Data,2020,Input 1 - Basics!C18,"MWI_EBS.20.81, Sup. 1.xlsm"
Malawi_MWI,MWI_EBS.22.100_Ext_Debt_Data,2022,Input 1 - Basics!C18,"MWI_EBS.22.100, Sup. 1.xlsm"
Malawi_MWI,MWI_EBS.23.114_Ext_Debt_Data,2023,Input 1 - Basics!C18,"MWI_EBS.23.114, Sup. 1.xlsm"
Malawi_MWI,MWI_EBS.23.84_Ext_Debt_Data,2023,Input 1 - Basics!C18,"MWI_EBS.23.84, Sup. 1.xlsm"
Malawi_MWI,MWI_SM.21.200_Ext_Debt_Data,2021,Input 1 - Basics!C18,"MWI_SM.21.200, Sup. 1.xlsm"
Maldives_MDV,MDV_EBS.20.62_Ext_Debt_Data,2020,Input 1 - Basics!C18,"MDV_EBS.20.62, Sup. 1.xlsm"
Maldives_MDV,MDV_SM.19.95_Ext_Debt_Data,2018,Input 1 - Basics!C18,"MDV_SM.19.95, Sup. 2.XLSM"
Maldives_MDV,MDV_SM.21.150_Ext_Debt_Data,2021,Input 1 - Basics!C18,"MDV_SM.21.150, Sup. 2.xlsm"
Maldives_MDV,MDV_SM.22.251_Ext_Debt_Data,2022,Input 1 - Basics!C18,"MDV_SM.22.251, Sup. 2.xlsm"
Mali_MLI,MLI_EBS.18.35_Inp_Out_Debt,2018,Output - Submit!C9,"MLI_EBS.18.35, Sup. 1.xlsm"
Mali_MLI,MLI_EBS.19.78_Inp_Out_Debt,2018,Output - Submit!C9,"MLI_EBS.19.78, Sup. 1.xlsm"
Mali_MLI,MLI_EBS.20.78_Ext_Debt_Data,2020,Input 1 - Basics!C18,"MLI_EBS.20.78, Sup. 1.xlsm"
Mali_MLI,MLI_EBS.21.6_Ext_Debt_Data,2020,Input 1 - Basics!C18,"MLI_EBS.21.6, Sup. 1.xlsm"
Mali_MLI,MLI_SM.23.114_Ext_Debt_Data,2022,Input 1 - Basics!C18,"MLI_SM.23.114, Sup. 1.xlsm"
Marshall Islands_MHL,MHL_SM.18.214_Inp_Out_Debt,2018,Output - Submit!C9,"MHL_SM.18.214, Sup. 2.xlsm"
Marshall Islands_MHL,MHL_SM.21.66_Ext_Debt_Data,2020,Input 1 - Basics!C18,"MHL_SM.21.66, Sup. 2.xlsm"
Marshall Islands_MHL,MHL_SM.23.202_Ext_Debt_Data,2023,Input 1 - Basics!C18,"MHL_SM.23.202, Sup. 2.xlsm"
Mauritania_MRT,MRT_EBS.18.103_Ext_Debt_Data,2018,Input 1 - Basics!C18,"MRT_EBS.18.103, Sup. 1.XLSM"
Mauritania_MRT,MRT_EBS.19.100_Ext_Debt_Data,2019,Input 1 - Basics!C18,"MRT_EBS.19.100, Sup. 2.xlsm"
Mauritania_MRT,MRT_EBS.19.28_Ext_Debt_Data,2019,Input 1 - Basics!C18,"MRT_EBS.19.28, Sup. 1.xlsm"
Mauritania_MRT,MRT_EBS.20.137_Ext_Debt_Data,2020,Input 1 - Basics!C18,MRT_EBS.20.137.xlsm
Mauritania_MRT,MRT_EBS.20.66_Ext_Debt_Data,2020,Input 1 - Basics!C18,"MRT_EBS.20.66, Sup. 1.xlsm"
Mauritania_MRT,MRT_EBS.23.139_Ext_Debt_Data,2023,Input 1 - Basics!C18,"MRT_EBS.23.139, Sup. 1.xlsm"
Mauritania_MRT,MRT_EBS.23.8_Ext_Debt_Data,2022,Input 1 - Basics!C18,"MRT_EBS.23.8, Sup. 1.xlsm"
Micronesia_FSM,FSM_SM.19.202_Ext_Debt_Data,2019,Input 1 - Basics!C18,"FSM_SM.19.202, Sup. 2.xlsm"
Micronesia_FSM,FSM_SM.21.178_Ext_Debt_Data,2021,Input 1 - Basics!C18,"FSM_SM.21.178, Sup. 2.xlsm"
Micronesia_FSM,FSM_SM.24.34_Ext_Debt_Data,2023,Input 1 - Basics!C18,"FSM_SM.24.34, Sup. 2.xlsm"
Moldova_MDA,MDA_EBS.19.79_Ext_Debt_Data,2019,Input 1 - Basics!C18,"MDA_EBS.19.79, Sup. 1.xlsm"
Moldova_MDA,MDA_EBS.20.12_Ext_Debt_Data,2019,Input 1 - Basics!C18,"MDA_EBS.20.12, Sup. 2.xlsm"
Moldova_MDA,MDA_EBS.20.52_Ext_Debt_Data,2020,Input 1 - Basics!C18,MDA_EBS.20.52.xlsm
Moldova_MDA,MDA_EBS.21.114_Ext_Debt_Data,2021,Input 1 - Basics!C18,"MDA_EBS.21.114, Sup. 2.xlsm"
Moldova_MDA,MDA_EBS.22.124_Ext_Debt_Data,2022,Input 1 - Basics!C18,"MDA_EBS.22.124, Sup. 1.xlsm"
Moldova_MDA,MDA_EBS.22.34_Ext_Debt_Data,2022,Input 1 - Basics!C18,"MDA_EBS.22.34, Sup. 1.xlsm"
Moldova_MDA,MDA_EBS.23.125_Ext_Debt_Data,2023,Input 1 - Basics!C18,"MDA_EBS.23.125, Sup. 1.xlsm"
Mozambique_MOZ,MOZ_EBS.19.21_Ext_Debt_Data,2018,Input 1 - Basics!C18,"MOZ_EBS.19.21, Sup.1.xlsm"
Mozambique_MOZ,MOZ_EBS.20.67_Ext_Debt_Data,2019,Input 1 - Basics!C18,"MOZ_EBS.20.67, Sup. 1.xlsm"
Mozambique_MOZ,MOZ_EBS.22.31_Ext_Debt_Data,2022,Input 1 - Basics!C18,"MOZ_EBS.22.31, Sup. 2.xlsm"
Mozambique_MOZ,MOZ_EBS.23.155_Ext_Debt_Data,2023,Input 1 - Basics!C18,"MOZ_EBS.23.155, Sup. 1.xlsm"
Mozambique_MOZ,MOZ_EBS.23.74_Ext_Debt_Data,2023,Input 1 - Basics!C18,"MOZ_EBS.23.74, Sup. 1.xlsm"
Mozambique_MOZ,MOZ_SM.18.32_Inp_Out_Debt,2017,Output - Submit!C9,"MOZ_SM.18.32, Sup. 2.xlsm"
Myanmar_MMR,MMR_EBS.20.117_Ext_Debt_Data,2020,Input 1 - Basics!C18,"MMR_EBS.20.117, Sup. 1.xlsm"
Myanmar_MMR,MMR_EBS.20.195_Ext_Debt_Data,2020,Input 1 - Basics!C18,MMR_EBS.20.195.xlsm
Myanmar_MMR,MMR_SM.18.30_Inp_Out_Debt,2017,Output - Submit!C9,"MMR_SM.18.30, Sup. 1.xlsm"
Myanmar_MMR,MMR_SM.19.41_Ext_Debt_Data,2018,Input 1 - Basics!C18,"MMR_SM.19.41, Sup. 2.xlsm"
Myanmar_MMR,MMR_SM.20.42_Ext_Debt_Data,2019,Input 1 - Basics!C18,"MMR_SM.20.42, Sup. 2.xlsm"
Nepal_NPL,NPL_EBS.20.84_Ext_Debt_Data,2020,Input 1 - Basics!C18,NPL_EBS.20.84.xlsm
Nepal_NPL,NPL_EBS.21.125_Ext_Debt_Data,2021,Input 1 - Basics!C18,"NPL_EBS.21.125, Sup. 1.xlsm"
Nepal_NPL,NPL_EBS.23.41_Ext_Debt_Data,2022,Input 1 - Basics!C18,"NPL_EBS.23.41, Sup. 2.xlsm"
Nepal_NPL,NPL_SM.19.20_Ext_Debt_Data,2019,Input 1 - Basics!C18,"NPL_SM.19.20, Sup. 2.xlsm"
Nepal_NPL,NPL_SM.20.53_Ext_Debt_Data,2020,Input 1 - Basics!C18,"NPL_SM.20.53, Sup. 2.xlsm"
Nicaragua_NIC,NIC_EBS.20.168_Ext_Debt_Data,2020,Input 1 - Basics!C18,NIC_EBS.20.168.xlsm
Nicaragua_NIC,NIC_SM.20.36_Ext_Debt_Data,2019,Input 1 - Basics!C18,"NIC_SM.20.36, Sup. 2.xlsm"
Nicaragua_NIC,NIC_SM.24.4_Ext_Debt_Data,2023,Input 1 - Basics!C18,"NIC_SM.24.4, Sup. 2.xlsm"
Niger_NER,NER_EBS.18.107_Ext_Debt_Data,2018,Input 1 - Basics!C18,"NER_EBS.18.107, Sup. 1.xlsm"
Niger_NER,NER_EBS.19.53_Ext_Debt_Data,2019,Input 1 - Basics!C18,"NER_EBS.19.53, Sup. 2.xlsm"
Niger_NER,NER_EBS.20.158_Ext_Debt_Data,2020,Input 1 - Basics!C18,"NER_EBS.20.158, Sup. 1.xlsm"
Niger_NER,NER_EBS.20.44_Ext_Debt_Data,2020,Input 1 - Basics!C18,NER_EBS.20.44.xlsm
Niger_NER,NER_EBS.21.101_Ext_Debt_Data,2021,Input 1 - Basics!C18,"NER_EBS.21.101, Sup. 1.xlsm"
Niger_NER,NER_EBS.22.113_Ext_Debt_Data,2022,Input 1 - Basics!C18,"NER_EBS.22.113, Sup. 1.xlsm"
Niger_NER,NER_EBS.23.73_Ext_Debt_Data,2023,Input 1 - Basics!C18,"NER_EBS.23.73, Sup. 1.xlsm"
Papua New Guinea_PNG,PNG_EBS.20.9_Ext_Debt_Data,2019,Input 1 - Basics!C18,"PNG_EBS.20.9, Sup. 2.xlsm"
Papua New Guinea_PNG,PNG_EBS.22.38_Ext_Debt_Data,2022,Input 1 - Basics!C18,"PNG_EBS.22.38, Sup. 2.xlsm"
Papua New Guinea_PNG,PNG_EBS.23.113_Ext_Debt_Data,2023,Input 1 - Basics!C18,"PNG_EBS.23.113, Sup. 1.xlsm"
Papua New Guinea_PNG,PNG_EBS.23.18_Ext_Debt_Data,2022,Input 1 - Basics!C18,"PNG_EBS.23.18, Sup. 2.xlsm"
Papua New Guinea_PNG,PNG_SM.18.267_Ext_Debt_Data,2018,Input 1 - Basics!C18,"PNG_SM.18.267, Sup. 2.xlsm"
Rwanda_RWA,RWA_EBS.18.43_Inp_Out_Debt,2018,Output - Submit!C9,"RWA_EBS.18.43, Sup. 1.xlsm"
Rwanda_RWA,RWA_EBS.19.52_Ext_Debt_Data,2019,Input 1 - Basics!C18,"RWA_EBS.19.52, Sup. 1.XLSM"
Rwanda_RWA,RWA_EBS.20.114_Ext_Debt_Data,2020,Input 1 - Basics!C18,"RWA_EBS.20.114, Sup. 1.xlsm"
Rwanda_RWA,RWA_EBS.20.179_Ext_Debt_Data,2020,Input 1 - Basics!C18,"RWA_EBS.20.179, Sup. 1.xlsm"
Rwanda_RWA,RWA_EBS.20.29_Ext_Debt_Data,2019,Input 1 - Basics!C18,RWA_EBS.20.29.XLSM
Rwanda_RWA,RWA_EBS.21.120_Ext_Debt_Data,2021,Input 1 - Basics!C18,RWA_EBS.21.120.xlsm
Rwanda_RWA,RWA_EBS.21.55_Ext_Debt_Data,2021,Input 1 - Basics!C18,RWA_EBS.21.55.xlsm
Rwanda_RWA,RWA_EBS.22.106_Ext_Debt_Data,2022,Input 1 - Basics!C18,"RWA_EBS.22.106, Sup. 1.xlsm"
Rwanda_RWA,RWA_EBS.23.134_Ext_Debt_Data,2023,Input 1 - Basics!C18,"RWA_EBS.23.134, Sup. 1.xlsm"
Samoa_WSM,WSM_EBS.20.68_Ext_Debt_Data,2020,Input 1 - Basics!C18,"WSM_EBS.20.68, Sup. 1.xlsm"
Samoa_WSM,WSM_SM.18.86_Inp_Out_Debt,2017,Output - Submit!C9,"WSM_SM.18.86, Sup. 2.xlsm"
Samoa_WSM,WSM_SM.19.62_Ext_Debt_Data,2019,Input 1 - Basics!C18,"WSM_SM.19.62, Sup. 2.xlsm"
Samoa_WSM,WSM_SM.21.25_Ext_Debt_Data,2021,Input 1 - Basics!C18,"WSM_SM.21.25, Sup. 1.xlsm"
Samoa_WSM,WSM_SM.23.46_Ext_Debt_Data,2023,Input 1 - Basics!C18,"WSM_SM.23.46, Sup. 1.xlsm"
Sao Tome and Principe_STP,STP_EBS.18.68_Inp_Out_Debt,2018,Output - Submit!C9,"STP_EBS.18.68, Sup. 1.xlsm"
Sao Tome and Principe_STP,STP_EBS.19.83_Ext_Debt_Data,2019,Input 1 - Basics!C18,"STP_EBS.19.83, Sup. 1.xlsm"
Sao Tome and Principe_STP,STP_EBS.20.127_Ext_Debt_Data,2020,Input 1 - Basics!C18,"STP_EBS.20.127, Sup. 1.xlsm"
Sao Tome and Principe_STP,STP_EBS.20.61_Ext_Debt_Data,2020,Input 1 - Basics!C18,"STP_EBS.20.61, Sup. 1.xlsm"
Sao Tome and Principe_STP,STP_EBS.21.1_Ext_Debt_Data,2020,Input 1 - Basics!C18,"STP_EBS.21.1, Sup. 1.xlsm"
Sao Tome and Principe_STP,STP_EBS.21.77_Ext_Debt_Data,2021,Input 1 - Basics!C18,"STP_EBS.21.77, Sup. 1.xlsm"
Sao Tome and Principe_STP,STP_EBS.22.15_Ext_Debt_Data,2021,Input 1 - Basics!C18,"STP_EBS.22.15, Sup. 1.xlsm"
Sao Tome and Principe_STP,STP_EBS.22.74_Ext_Debt_Data,2021,Input 1 - Basics!C18,"STP_EBS.22.74, Sup.1.xlsm"
Senegal_SEN,SEN_EBS.18.126_Ext_Debt_Data,2018,Input 1 - Basics!C18,"SEN_EBS.18.126, Sup. 1.xlsm"
Senegal_SEN,SEN_EBS.19.125_Ext_Debt_Data,2019,Input 1 - Basics!C18,"SEN_EBS.19.125,Sup. 1.xlsm"
Senegal_SEN,SEN_EBS.20.191_Ext_Debt_Data,2020,Input 1 - Basics!C18,"SEN_EBS.20.191, Sup. 1.xlsm"
Senegal_SEN,SEN_EBS.20.40_Ext_Debt_Data,2019,Input 1 - Basics!C18,"SEN_EBS.20.40, Sup. 1.xlsm"
Senegal_SEN,SEN_EBS.21.121_Ext_Debt_Data,2021,Input 1 - Basics!C18,"SEN_EBS.21.121, Sup. 1.xlsm"
Senegal_SEN,SEN_EBS.21.48_Ext_Debt_Data,2021,Input 1 - Basics!C18,"SEN_EBS.21.48, Sup. 1.xlsm"
Senegal_SEN,SEN_EBS.22.49_Ext_Debt_Data,2022,Input 1 - Basics!C18,"SEN_EBS.22.49, Sup. 1.xlsm"
Senegal_SEN,SEN_EBS.23.66_Ext_Debt_Data,2023,Input 1 - Basics!C18,"SEN_EBS.23.66, Sup. 1.xlsm"
Sierra Leone_SLE,SLE_EBS.18.99_Ext_Debt_Data,2019,Input 1 - Basics!C18,"SLE_EBS.18.99, Sup. 1.xlsm"
Sierra Leone_SLE,SLE_EBS.20.106_Ext_Debt_Data,2020,Input 1 - Basics!C18,"SLE_EBS.20.106, Sup. 1.xlsm"
Sierra Leone_SLE,SLE_EBS.20.27_Ext_Debt_Data,2019,Input 1 - Basics!C18,SLE_EBS.20.27.xlsm
Sierra Leone_SLE,SLE_EBS.21.12_Ext_Debt_Data,2020,Input 1 - Basics!C18,"SLE_EBS.21.12, Sup. 1.xlsm"
Sierra Leone_SLE,SLE_EBS.21.68_Ext_Debt_Data,2021,Input 1 - Basics!C18,"SLE_EBS.21.68, Sup. 1.xlsm"
Sierra Leone_SLE,SLE_EBS.22.52_Ext_Debt_Data,2022,Input 1 - Basics!C18,"SLE_EBS.22.52, Sup.1.xlsm"
Sierra Leone_SLE,SLE_EBS.23.117_Ext_Debt_Data,2023,Input 1 - Basics!C18,"SLE_EBS.23.117, Sup. 1.xlsm"
Sierra Leone_SLE,SLE_EBS.23.55._Ext_Debt_Data,2023,Input 1 - Basics!C18,SLE_EBS.23.55. Sup. 1.xlsm
Solomon Islands_SLB,SLB_EBS.20.104_Ext_Debt_Data,2019,Input 1 - Basics!C18,"SLB_EBS.20.104, Sup. 1.xlsm"
Solomon Islands_SLB,SLB_SM.18.236_Ext_Debt_Data,2018,Input 1 - Basics!C18,"SLB_SM.18.236, Sup. 2.XLSM"
Solomon Islands_SLB,SLB_SM.18.4_Inp_Out_Debt,2017,Output - Submit!C9,"SLB_SM.18.4, Sup. 2.xlsm"
Solomon Islands_SLB,SLB_SM.20.26_Ext_Debt_Data,2019,Input 1 - Basics!C18,"SLB_SM.20.26, Sup. 2.xlsm"
Solomon Islands_SLB,SLB_SM.21.211_Ext_Debt_Data,2021,Input 1 - Basics!C18,"SLB_SM.21.211, Sup. 1.xlsm"
Solomon Islands_SLB,SLB_SM.23.89_Ext_Debt_Data,2022,Input 1 - Basics!C18,"SLB_SM.23.89, Sup. 2.xlsm"
Somalia_SOM,SOM_EBS.19.67_Ext_Debt_Data,2019,Input 1 - Basics!C18,"SOM_EBS.19.67, Sup. 2.xlsm"
Somalia_SOM,SOM_EBS.20.165_Ext_Debt_Data,2020,Input 1 - Basics!C18,"SOM_EBS.20.165, Sup. 1.xlsm"
Somalia_SOM,SOM_EBS.20.20_Ext_Debt_Data,2019,Input 1 - Basics!C18,"SOM_EBS.20.20, Sup. 1.xlsm"
Somalia_SOM,SOM_EBS.22.43_Ext_Debt_Data,2022,Input 1 - Basics!C18,"SOM_EBS.22.43, Sup. 1.xlsm"
Somalia_SOM,SOM_EBS.23.130_Ext_Debt_Data,2023,Input 1 - Basics!C18,"SOM_EBS.23.130, Sup. 1.xlsm"
Somalia_SOM,SOM_EBS.23.45_Ext_Debt_Data,2023,Input 1 - Basics!C18,"SOM_EBS.23.45, Sup. 1.xlsm"
South Sudan_SSD,SSD_EBS.20.162_Ext_Debt_Data,2021,Input 1 - Basics!C18,"SSD_EBS.20.162, Sup. 1.xlsm"
South Sudan_SSD,SSD_EBS.21.27_Ext_Debt_Data,2021,Input 1 - Basics!C18,"SSD_EBS.21.27, Sup. 1.xlsm"
South Sudan_SSD,SSD_EBS.22.68_Ext_Debt_Data,2022,Input 1 - Basics!C18,"SSD_EBS.22.68, Sup. 1.xlsm"
South Sudan_SSD,SSD_EBS.23.15_Ext_Debt_Data,2022,Input 1 - Basics!C18,"SSD_EBS.23.15, Sup. 1.xlsm"
South Sudan_SSD,SSD_SM.19.105_Ext_Debt_Data,2019,Input 1 - Basics!C18,"SSD_SM.19.105, Sup. 2.xlsm"
St. Vincent_VCT,VCT_EBS.20.96_Ext_Debt_Data,2020,Input 1 - Basics!C18,"VCT_EBS.20.96, Sup. 1.xlsm"
St. Vincent_VCT,VCT_EBS.21.64_Ext_Debt_Data,2021,Input 1 - Basics!C18,VCT_EBS.21.64.xlsm
St. Vincent_VCT,VCT_SM.19.23_Ext_Debt_Data,2018,Input 1 - Basics!C18,"VCT_SM.19.23, Sup. 2.xlsm"
St. Vincent_VCT,VCT_SM.22.243_Ext_Debt_Data,2022,Input 1 - Basics!C18,"VCT_SM.22.243, Sup. 2.xlsm"
Sudan_SDN,SDN_EBS.20.138_Ext_Debt_Data,2020,Input 1 - Basics!C18,"SDN_EBS.20.138, Sup. 1.xlsm"
Sudan_SDN,SDN_EBS.21.60_Ext_Debt_Data,2021,Input 1 - Basics!C18,"SDN_EBS.21.60, Sup. 1.xlsm"
Sudan_SDN,SDN_SM.20.38_Ext_Debt_Data,2019,Input 1 - Basics!C18,"SDN_SM.20.38, Sup. 2.xlsm"
Tajikistan_TJK,TJK_EBS.20.86_Ext_Debt_Data,2020,Input 1 - Basics!C18,"TJK_EBS.20.86, Sup. 2.xlsm"
Tajikistan_TJK,TJK_EBS.24.12_Ext_Debt_Data,2023,Input 1 - Basics!C18,"TJK_EBS.24.12, Sup. 1.xlsm"
Tajikistan_TJK,TJK_SM.19.289_Ext_Debt_Data,2019,Input 1 - Basics!C18,"TJK_SM.19.289, Sup. 2.xlsm"
Tajikistan_TJK,TJK_SM.22.1_Ext_Debt_Data,2021,Input 1 - Basics!C18,"TJK_SM.22.1, Sup. 2.xlsm"
Tajikistan_TJK,TJK_SM.23.42_Ext_Debt_Data,2022,Input 1 - Basics!C18,"TJK_SM.23.42, Sup. 1.xlsm"
Tazania_TZA,TZA_EBS.21.78_Ext_Debt_Data,2021,Input 1 - Basics!C18,"TZA_EBS.21.78, Sup.1.xlsm"
Tazania_TZA,TZA_EBS.22.64_Ext_Debt_Data,2022,Input 1 - Basics!C18,"TZA_EBS.22.64, Sup. 1.xlsm"
Tazania_TZA,TZA_EBS.23.36_Ext_Debt_Data,2023,Input 1 - Basics!C18,"TZA_EBS.23.36, Sup. 2.xlsm"
Tazania_TZA,TZA_SM.19.49_Ext_Debt_Data,2018,Input 1 - Basics!C18,"TZA_SM.19.49, Sup. 2.xlsm"
Timor-Leste_TLS,TLS_SM.19.57_Ext_Debt_Data,2018,Input 1 - Basics!C18,"TLS_SM.19.57, Sup. 2.xlsm"
Timor-Leste_TLS,TLS_SM.21.111_Ext_Debt_Data,2021,Input 1 - Basics!C18,"TLS_SM.21.111, Sup. 2.xlsm"
Timor-Leste_TLS,TLS_SM.22.204_Ext_Debt_Data,2022,Input 1 - Basics!C18,"TLS_SM.22.204, Sup. 2.xlsm"
Timor-Leste_TLS,TLS_SM.24.30_Ext_Debt_Data,2023,Input 1 - Basics!C18,"TLS_SM.24.30, Sup. 2.xlsm"
Togo_TGO,TGO_ EBS.19.88_Ext_Debt_Data,2019,Input 1 - Basics!C18,"TGO_ EBS.19.88, Sup. 1.xlsm"
Togo_TGO,TGO_EBS.18.106_Ext_Debt_Data,2018,Input 1 - Basics!C18,"TGO_EBS.18.106, Sup. 1.xlsm"
Togo_TGO,TGO_EBS.18.46_Inp_Out_Debt,2018,Output - Submit!C9,"TGO_EBS.18.46, Sup. 1.xlsm"
Togo_TGO,TGO_EBS.19.50_Ext_Debt_Data,2019,Input 1 - Basics!C18,"TGO_EBS.19.50, Sup. 2.xlsm"
Togo_TGO,TGO_EBS.20.28_Ext_Debt_Data,2020,Input 1 - Basics!C18,"TGO_EBS.20.28, Sup. 1.xlsm"
Togo_TGO,TGO_EBS.24.14_Ext_Debt_Data,2023,Input 1 - Basics!C18,"TGO_EBS.24.14, Sup. 1.xlsm"
Tonga_TON,TON_EBS.20.196_Ext_Debt_Data,2020,Input 1 - Basics!C18,"TON_EBS.20.196, Sup. 1.xlsm"
Tonga_TON,TON_EBS.22.63_Ext_Debt_Data,2022,Input 1 - Basics!C18,"TON_EBS.22.63, Sup. 1.xlsm"
Tonga_TON,TON_SM.23.215_Ext_Debt_Data,2023,Input 1 - Basics!C18,"TON_SM.23.215, Sup. 2.xlsm"
Tuvalu_TUV,TUV_ SM.21.131_Ext_Debt_Data,2021,Input 1 - Basics!C18,"TUV_ SM.21.131, Sup. 2.xlsm"
Tuvalu_TUV,TUV_SM.18.151_Inp_Out_Debt,2017,Output - Submit!C9,"TUV_SM.18.151, Sup. 1.xlsm"
Tuvalu_TUV,TUV_SM.23.157_Ext_Debt_Data,2023,Input 1 - Basics!C18,"TUV_SM.23.157, Sup. 1.xlsm"
Uganda_UGA,UGA_EBS.20.87_Ext_Debt_Data,2020,Input 1 - Basics!C18,"UGA_EBS.20.87, Sup. 1.xlsm"
Uganda_UGA,UGA_EBS.21.54_Ext_Debt_Data,2021,Input 1 - Basics!C18,"UGA_EBS.21.54, Sup 1.xlsm"
Uganda_UGA,UGA_EBS.22.8_Ext_Debt_Data,2022,Input 1 - Basics!C18,"UGA_EBS.22.8, Sup. 2.xlsm"
Uganda_UGA,UGA_EBS.23.62_Ext_Debt_Data,2023,Input 1 - Basics!C18,"UGA_EBS.23.62, Sup. 1.xlsm"
Uganda_UGA,UGA_SM.19.81_Ext_Debt_Data,2019,Input 1 - Basics!C18,"UGA_SM.19.81, Sup. 2.xlsm"
Uzbekistan_UZB,UZB_EBS.20.95_Ext_Debt_Data,2020,Input 1 - Basics!C18,"UZB_EBS.20.95, Sup. 1.xlsm"
Uzbekistan_UZB,UZB_SM.18.89_Inp_Out_Debt,2018,Output - Submit!C9,"UZB_SM.18.89, Sup. 2.xlsm"
Uzbekistan_UZB,UZB_SM.19.83_Ext_Debt_Data,2019,Input 1 - Basics!C18,"UZB_SM.19.83, Sup. 2.xlsm"
Uzbekistan_UZB,UZB_SM.21.47_Ext_Debt_Data,2021,Input 1 - Basics!C18,"UZB_SM.21.47, Sup. 2.xlsm"
Uzbekistan_UZB,UZB_SM.22.120_Ext_Debt_Data,2022,Input 1 - Basics!C18,"UZB_SM.22.120, Sup. 1.xlsm"
Vanuatu_VUT,VUT_SM.18.72_Inp_Out_Debt,2017,Output - Submit!C9,"VUT_SM.18.72, Sup. 2.xlsm"
Vanuatu_VUT,VUT_SM.19.113_Ext_Debt_Data,2019,Input 1 - Basics!C18,"VUT_SM.19.113, Sup. 2.xlsm"
Vanuatu_VUT,VUT_SM.21.151_Ext_Debt_Data,2021,Input 1 - Basics!C18,"VUT_SM.21.151, Sup. 2.xlsm"
Vanuatu_VUT,VUT_SM.23.52_Ext_Debt_Data,2023,Input 1 - Basics!C18,"VUT_SM.23.52, Sup. 1.xlsm"
Yemen_YEM,YEM_EBS.16.53_2016_Inp_Out_Debt,,NO_SOURCE_MATCH,YEM_EBS.16.53_2016
Zimbabwe_ZWE,ZWE_SM.20.43_Ext_Debt_Data,2019,Input 1 - Basics!C18,"ZWE_SM.20.43, Sup. 1.xlsm"
Zimbabwe_ZWE,ZWE_SM.22.50_Ext_Debt_Data,2021,Input 1 - Basics!C18,"ZWE_SM.22.50, Sup. 2.xlsm"
Zimbabwe_ZWE,ZWE_SM.23.55_Ext_Debt_Data,2022,Input 1 - Basics!C18,"ZWE_SM.23.55, Sup. 1.xlsm"
