country,source_file,status,detail
Afghanisatn_AFG,"AFG_EBS.18.101, Sup. 1.xlsm",OK,AFG_EBS.18.101_Macro_Debt_Data
Afghanisatn_AFG,"AFG_EBS.19.116, Sup. 2.xlsm",OK,AFG_EBS.19.116_Macro_Debt_Data
Afghanisatn_AFG,"AFG_EBS.20.160, Sup. 1.xlsm",OK,AFG_EBS.20.160_Macro_Debt_Data
Afghanisatn_AFG,"AFG_EBS.20.74, Sup. 1.xlsm",OK,AFG_EBS.20.74_Macro_Debt_Data
Afghanisatn_AFG,"AFG_EBS.21.43, Sup. 1.xlsm",OK,AFG_EBS.21.43_Macro_Debt_Data
Bangladesh_BGD,"BGD_EBS.20.99, Sup. 1.xlsm",OK,BGD_EBS.20.99_Macro_Debt_Data
Bangladesh_BGD,"BGD_EBS.23.126, Sup. 2.xlsm",OK,BGD_EBS.23.126_Macro_Debt_Data
Bangladesh_BGD,"BGD_EBS.23.6, Sup. 2.xlsm",OK,BGD_EBS.23.6_Macro_Debt_Data
Bangladesh_BGD,"BGD_SM.18.108, Sup. 2.xlsm",OK,BGD_SM.18.108_Data_Input
Bangladesh_BGD,"BGD_SM.19.209, Sup. 2.xlsm",OK,BGD_SM.19.209_Macro_Debt_Data
Bangladesh_BGD,"BGD_SM.22.38, Sup. 2.xlsm",OK,BGD_SM.22.38_Macro_Debt_Data
Benin_BEN,"BEN_EBS.18.102, Sup. 1.xlsm",OK,BEN_EBS.18.102_Macro_Debt_Data
Benin_BEN,BEN_EBS.18.56.xlsm,OK,BEN_EBS.18.56_Data_Input
Benin_BEN,"BEN_EBS.19.103, Sup. 1.xlsm",OK,BEN_EBS.19.103_Macro_Debt_Data
Benin_BEN,"BEN_EBS.19.47, Sup. 2.xlsm",OK,BEN_EBS.19.47_Macro_Debt_Data
Benin_BEN,"BEN_EBS.20.186, Sup. 1.xlsm",OK,BEN_EBS.20.186_Macro_Debt_Data
Benin_BEN,"BEN_EBS.20.94, Sup. 1.xlsm",OK,BEN_EBS.20.94_Macro_Debt_Data
Benin_BEN,"BEN_EBS.22.110, Sup. 1.xlsm",OK,BEN_EBS.22.110_Macro_Debt_Data
Benin_BEN,"BEN_EBS.22.61, Sup. 1.xlsm",OK,BEN_EBS.22.61_Macro_Debt_Data
Benin_BEN,"BEN_EBS.23.132, Sup. 1.xlsm",OK,BEN_EBS.23.132_Macro_Debt_Data
Benin_BEN,"BEN_EBS.23.48, Sup. 1.xlsm",OK,BEN_EBS.23.48_Macro_Debt_Data
Bhutan_BTN,"BTN_SM.18.213, Sup. 2.xlsm",OK,BTN_SM.18.213_Data_Input
Bhutan_BTN,"BTN_SM.22.88, Sup. 2.xlsm",OK,BTN_SM.22.88_Macro_Debt_Data
Burkina Faso_BFA,"BFA_EBS.18.11, Sup. 1.xlsm",OK,BFA_EBS.18.11_Data_Input
Burkina Faso_BFA,"BFA_EBS.18.125, Sup. 1.xlsm",OK,BFA_EBS.18.125_Macro_Debt_Data
Burkina Faso_BFA,"BFA_EBS.19.119, Sup. 1.xlsm",OK,BFA_EBS.19.119_Macro_Debt_Data
Burkina Faso_BFA,"BFA_EBS.20.163, Sup. 1.xlsm",OK,BFA_EBS.20.163_Macro_Debt_Data
Burkina Faso_BFA,BFA_EBS.20.42.xlsm,OK,BFA_EBS.20.42_Macro_Debt_Data
Burkina Faso_BFA,"BFA_EBS.23.19, Sup. 1.xlsm",OK,BFA_EBS.23.19_Macro_Debt_Data
Burkina Faso_BFA,"BFA_EBS.23.96, Sup. 1.xlsm",OK,BFA_EBS.23.96_Macro_Debt_Data
Burundi_BDI,"BDI_EBS.21.92, Sup 1.xlsm",OK,BDI_EBS.21.92_Macro_Debt_Data
Burundi_BDI,"BDI_EBS.23.78, Sup. 1.xlsm",OK,BDI_EBS.23.78_Macro_Debt_Data
Burundi_BDI,BDI_SM.22.170. Sup. 2.xlsm,OK,BDI_SM.22.170._Macro_Debt_Data
Cabo Verde_CPV,"CPV_EBS.19.68, Sup. 1.xlsm",OK,CPV_EBS.19.68_Macro_Debt_Data
Cabo Verde_CPV,"CPV_EBS.20.152, Sup. 1.xlsm",OK,CPV_EBS.20.152_Macro_Debt_Data
Cabo Verde_CPV,"CPV_EBS.20.63, Sup. 1.xlsm",OK,CPV_EBS.20.63_Macro_Debt_Data
Cabo Verde_CPV,"CPV_EBS.22.42, Sup. 1.xlsm",OK,CPV_EBS.22.42_Macro_Debt_Data
Cabo Verde_CPV,"CPV_EBS.23.127, Sup. 1.xlsm",OK,CPV_EBS.23.127_Macro_Debt_Data
Cabo Verde_CPV,"CPV_EBS.23.63, Sup.1.xlsm",OK,CPV_EBS.23.63_Macro_Debt_Data
Cabo Verde_CPV,"CPV_SM.18.60, Sup. 1.xlsm",OK,CPV_SM.18.60_Data_Input
Cambodia_KHM,"KHM_SM.18.264, Sup. 2.xlsm",OK,KHM_SM.18.264_Macro_Debt_Data
Cambodia_KHM,"KHM_SM.19.263, Sup. 1.xlsm",OK,KHM_SM.19.263_Macro_Debt_Data
Cambodia_KHM,"KHM_SM.21.193, Sup. 2.xlsm",OK,KHM_SM.21.193_Macro_Debt_Data
Cambodia_KHM,"KHM_SM.22.253, Sup. 2.xlsm",OK,KHM_SM.22.253_Macro_Debt_Data
Cambodia_KHM,"KHM_SM.23.268, Sup. 1.xlsm",OK,KHM_SM.23.268_Macro_Debt_Data
Cameroon_CMR,"CMR_EBS.18.116, Sup. 1.XLSM",OK,CMR_EBS.18.116_Macro_Debt_Data
Cameroon_CMR,"CMR_EBS.18.64, Sup. 2.xlsm",OK,CMR_EBS.18.64_Data_Input
Cameroon_CMR,"CMR_EBS.20.1, Sup. 1.xlsm",OK,CMR_EBS.20.1_Macro_Debt_Data
Cameroon_CMR,CMR_EBS.20.154.xlsm,OK,CMR_EBS.20.154_Macro_Debt_Data
Cameroon_CMR,"CMR_EBS.20.82, Sup. 1.xlsm",OK,CMR_EBS.20.82_Macro_Debt_Data
Cameroon_CMR,"CMR_EBS.21.72,Sup. 1.xlsm",OK,CMR_EBS.21.72_Macro_Debt_Data
Cameroon_CMR,CMR_EBS.22.66.Sup. 1.xlsm,OK,CMR_EBS.22.66_Macro_Debt_Data
Cameroon_CMR,"CMR_EBS.22.7, Sup. 1.xlsm",OK,CMR_EBS.22.7_Macro_Debt_Data
Cameroon_CMR,"CMR_EBS.23.149, Sup. 1.xlsm",OK,CMR_EBS.23.149_Macro_Debt_Data
Cameroon_CMR,"CMR_EBS.23.16, Sup. 1.xlsm",OK,CMR_EBS.23.16_Macro_Debt_Data
Cameroon_CMR,"CMR_EBS.24.4, Sup. 1.xlsm",OK,CMR_EBS.24.4_Macro_Debt_Data
Central African Republic_CAF,"CAF _EBS.19.57, Sup. 1.xlsm",OK,CAF _EBS.19.57_Macro_Debt_Data
Central African Republic_CAF,"CAF_EBS.18.58, Sup. 1.xlsm",OK,CAF_EBS.18.58_Data_Input
Central African Republic_CAF,"CAF_EBS.19.121, Sup. 1.xlsm",OK,CAF_EBS.19.121_Macro_Debt_Data
Central African Republic_CAF,"CAF_EBS.20.198, Sup. 1.xlsm",OK,CAF_EBS.20.198_Macro_Debt_Data
Central African Republic_CAF,"CAF_EBS.20.59, Sup. 1.xlsm",OK,CAF_EBS.20.59_Macro_Debt_Data
Central African Republic_CAF,"CAF_EBS.23.108, Sup. 1.xlsm",OK,CAF_EBS.23.108_Macro_Debt_Data
Central African Republic_CAF,"CAF_EBS.23.42, Sup. 2.xlsm",OK,CAF_EBS.23.42_Macro_Debt_Data
Chad_TCD,"TCD_EBS.18.122, Sup. 1.xlsm",OK,TCD_EBS.18.122_Macro_Debt_Data
Chad_TCD,"TCD_EBS.18.24,Sup. 1.xlsm",OK,TCD_EBS.18.24_Data_Input
Chad_TCD,"TCD_EBS.18.70, Sup. 1.xlsm",OK,TCD_EBS.18.70_Data_Input
Chad_TCD,"TCD_EBS.19.60, Sup. 1.XLSM",OK,TCD_EBS.19.60_Macro_Debt_Data
Chad_TCD,"TCD_EBS.20.123, Sup.1.xlsm",OK,TCD_EBS.20.123_Macro_Debt_Data
Chad_TCD,"TCD_EBS.20.49, Sup. 1.xlsm",OK,TCD_EBS.20.49_Macro_Debt_Data
Chad_TCD,"TCD_EBS.21.105,Sup. 1.xlsm",OK,TCD_EBS.21.105_Macro_Debt_Data
Chad_TCD,"TCD_EBS.22.118, Sup. 1.xlsm",OK,TCD_EBS.22.118_Macro_Debt_Data
Comoros_COM,COM_EBS.19.2.xlsm,OK,COM_EBS.19.2_Macro_Debt_Data
Comoros_COM,"COM_EBS.19.75, Sup. 1.xlsm",OK,COM_EBS.19.75_Macro_Debt_Data
Comoros_COM,COM_EBS.20.65.xlsm,OK,COM_EBS.20.65_Macro_Debt_Data
Comoros_COM,"COM_EBS.21.91, Sup. 1.xlsm",OK,COM_EBS.21.91_Macro_Debt_Data
Comoros_COM,"COM_EBS.23.135, Sup. 2.xlsm",OK,COM_EBS.23.135_Macro_Debt_Data
Comoros_COM,"COM_EBS.23.52, Sup. 1.xlsm",OK,COM_EBS.23.52_Macro_Debt_Data
Comoros_COM,COM_SM.18.128.xlsm,OK,COM_SM.18.128_Data_Input
Comoros_COM,COM_SM.20.60.xlsm,OK,COM_SM.20.60_Macro_Debt_Data
Congo DR_COD,"COD_EBS.19.115, Sup. 1.xlsm",OK,COD_EBS.19.115_Macro_Debt_Data
Congo DR_COD,"COD_EBS.20.64, Sup. 1_SMPpluscovid.xlsm",OK,COD_EBS.20.64_Macro_Debt_Data
Congo DR_COD,"COD_EBS.21.109, Sup. 1_UP.xlsm",OK,COD_EBS.21.109_Macro_Debt_Data
Congo DR_COD,"COD_EBS.21.66, Sup. 1_UP.xlsm",OK,COD_EBS.21.66_Macro_Debt_Data
Congo DR_COD,COD_EBS.23.69_Sup. 1.xlsm,OK,COD_EBS.23.69_Macro_Debt_Data
Congo DR_COD,"COD_SM.19.204, Sup. 2.xlsm",OK,COD_SM.19.204_Macro_Debt_Data
Congo Republic of_COG,COG_EBS.18.75.xlsm,OK,COG_EBS.18.75_Data_Input
Congo Republic of_COG,"COG_EBS.19.64, Sup. 1.xlsm",OK,COG_EBS.19.64_Macro_Debt_Data
Congo Republic of_COG,"COG_EBS.22.1, Sup. 1.xlsm",OK,COG_EBS.22.1_Macro_Debt_Data
Congo Republic of_COG,"COG_EBS.22.50, Sup. 1.xlsm",OK,COG_EBS.22.50_Macro_Debt_Data
Congo Republic of_COG,"COG_EBS.23.11, Sup. 1.xlsm",OK,COG_EBS.23.11_Macro_Debt_Data
Congo Republic of_COG,"COG_EBS.23.145, Sup. 1.xlsm",OK,COG_EBS.23.145_Macro_Debt_Data
Congo Republic of_COG,COG_EBS.23.85_Sup. 1.xlsm,OK,COG_EBS.23.85_Macro_Debt_Data
Congo Republic of_COG,"COG_SM.20.1, Sup. 1.xlsm",OK,COG_SM.20.1_Macro_Debt_Data
Congo Republic of_COG,"COG_SM.21.165, Sup. 1.xlsm",OK,COG_SM.21.165_Macro_Debt_Data
Cote d'lvoire_CIV,"CIV_EBS.18.110, Sup. 1.xlsm",OK,CIV_EBS.18.110_Macro_Debt_Data
Cote d'lvoire_CIV,"CIV_EBS.18.47, Sup. 2.xlsm",OK,CIV_EBS.18.47_Data_Input
Cote d'lvoire_CIV,"CIV_EBS.19.98, Sup. 1.xlsm",OK,CIV_EBS.19.98_Macro_Debt_Data
Cote d'lvoire_CIV,"CIV_EBS.20.172, Sup. 1.xlsm",OK,CIV_EBS.20.172_Macro_Debt_Data
Cote d'lvoire_CIV,"CIV_EBS.20.57, Sup. 1.xlsm",OK,CIV_EBS.20.57_Macro_Debt_Data
Cote d'lvoire_CIV,"CIV_EBS.23.123, Sup. 1.xlsm",OK,CIV_EBS.23.123_Macro_Debt_Data
Cote d'lvoire_CIV,"CIV_EBS.23.50, Sup. 1.xlsm",OK,CIV_EBS.23.50_Macro_Debt_Data
Cote d'lvoire_CIV,"CIV_SM.21.132, Sup. 2.xlsm",OK,CIV_SM.21.132_Macro_Debt_Data
Cote d'lvoire_CIV,"CIV_SM.22.122, Sup. 1.xlsm",OK,CIV_SM.22.122_Macro_Debt_Data
Djibouti_DJI,"DJI_EBS.20.89, Sup. 1.xlsm",OK,DJI_EBS.20.89_Macro_Debt_Data
Djibouti_DJI,"DJI_SM.19.218, Sup. 1.xlsm",OK,DJI_SM.19.218_Macro_Debt_Data
Djibouti_DJI,"DJI_SM.22.30, Sup. 2.xlsm",OK,DJI_SM.22.30_Macro_Debt_Data
Djibouti_DJI,"DJI_SM.23.32, Sup. 2.xlsm",OK,DJI_SM.23.32_Macro_Debt_Data
Dominica_DMA,"DMA_EBS.20.72, Sup. 1.xlsm",OK,DMA_EBS.20.72_Macro_Debt_Data
Dominica_DMA,DMA_SM.18.139.xlsm,OK,DMA_SM.18.139_Data_Input
Dominica_DMA,"DMA_SM.19.158, Sup. 2.xlsm",OK,DMA_SM.19.158_Macro_Debt_Data
Dominica_DMA,"DMA_SM.22.7, Sup.2.xlsm",OK,DMA_SM.22.7_Macro_Debt_Data
Dominica_DMA,"DMA_SM.23.127, Sup. 1.xlsm",OK,DMA_SM.23.127_Macro_Debt_Data
Eritrea_ERI,"ERI_SM.19.187, Sup. 1.xlsm",OK,ERI_SM.19.187_Macro_Debt_Data
Ethiopia_ETH,"ETH_EBS.19.122, Sup. 1.xlsm",OK,ETH_EBS.19.122_Macro_Debt_Data
Ethiopia_ETH,"ETH_EBS.20.77, Sup. 1.xlsm",OK,ETH_EBS.20.77_Macro_Debt_Data
Ethiopia_ETH,"ETH_SM.18.270, Sup. 1.xlsm",OK,ETH_SM.18.270_Macro_Debt_Data
Gambia_GMB,"GMB_EBS.18.13, Sup. 1.xlsm",OK,GMB_EBS.18.13_Data_Input
Gambia_GMB,"GMB_EBS.18.60, Sup. 1.xlsm",OK,GMB_EBS.18.60_Data_Input
Gambia_GMB,"GMB_EBS.19.26, Sup. 1.xlsm",OK,GMB_EBS.19.26_Macro_Debt_Data
Gambia_GMB,"GMB_EBS.20.13, Sup. 1.xlsm",OK,GMB_EBS.20.13_Macro_Debt_Data
Gambia_GMB,"GMB_EBS.20.197, Sup. 1.xlsm",OK,GMB_EBS.20.197_Macro_Debt_Data
Gambia_GMB,"GMB_EBS.20.43, Sup. 1.xlsm",OK,GMB_EBS.20.43_Macro_Debt_Data
Gambia_GMB,"GMB_EBS.21.97, Sup. 1.xlsm",OK,GMB_EBS.21.97_Macro_Debt_Data
Gambia_GMB,"GMB_EBS.22.105, Sup. 1.xlsm",OK,GMB_EBS.22.105_Macro_Debt_Data
Gambia_GMB,"GMB_EBS.22.37, Sup. 1.xlsm",OK,GMB_EBS.22.37_Macro_Debt_Data
Gambia_GMB,"GMB_EBS.23.153, Sup. 1.xlsm",OK,GMB_EBS.23.153_Macro_Debt_Data
Gambia_GMB,"GMB_EBS.23.57, Sup. 1.xlsm",OK,GMB_EBS.23.57_Macro_Debt_Data
Ghana_GHA,"GHA_EBS.18.29, Sup. 1.xlsm",OK,GHA_EBS.18.29_Data_Input
Ghana_GHA,"GHA_EBS.19.10, Sup. 1.xlsm",OK,GHA_EBS.19.10_Macro_Debt_Data
Ghana_GHA,GHA_EBS.20.38.xlsm,OK,GHA_EBS.20.38_Macro_Debt_Data
Ghana_GHA,"GHA_EBS.23.151,Sup. 1.xlsm",OK,GHA_EBS.23.151_Macro_Debt_Data
Ghana_GHA,"GHA_EBS.23.47, Sup. 1.xlsm",OK,GHA_EBS.23.47_Macro_Debt_Data
Ghana_GHA,"GHA_SM.19.264, Sup. 1.xlsm",OK,GHA_SM.19.264_Macro_Debt_Data
Ghana_GHA,"GHA_SM.21.128, Sup. 2.xlsm",OK,GHA_SM.21.128_Macro_Debt_Data
Grenada_GRD,"GRD_EBS.20.70, Sup. 1.xlsm",OK,GRD_EBS.20.70_Macro_Debt_Data
Grenada_GRD,"GRD_SM.18.183, Sup. 2.xlsm",OK,GRD_SM.18.183_Data_Input
Grenada_GRD,"GRD_SM.19.123, Sup. 2.xlsm",OK,GRD_SM.19.123_Macro_Debt_Data
Grenada_GRD,"GRD_SM.22.84, Sup. 2.xlsm",OK,GRD_SM.22.84_Macro_Debt_Data
Grenada_GRD,"GRD_SM.23.158, Sup. 2.xlsm",OK,GRD_SM.23.158_Macro_Debt_Data
Guinea-Bissau_GNB,"GNB_EBS.18.40, Sup. 1.XLSM",OK,GNB_EBS.18.40_Data_Input
Guinea-Bissau_GNB,GNB_EBS.21.3 Sup. 2.xlsm,OK,GNB_EBS.21.3_Macro_Debt_Data
Guinea-Bissau_GNB,"GNB_EBS.21.75, Sup. 1.xlsm",OK,GNB_EBS.21.75_Macro_Debt_Data
Guinea-Bissau_GNB,"GNB_EBS.22.41, Sup. 1.xlsm",OK,GNB_EBS.22.41_Macro_Debt_Data
Guinea-Bissau_GNB,"GNB_EBS.23.119, Sup. 1.xlsm",OK,GNB_EBS.23.119_Macro_Debt_Data
Guinea-Bissau_GNB,"GNB_EBS.23.7, Sup. 1.xlsm",OK,GNB_EBS.23.7_Macro_Debt_Data
Guinea_GIN,"GIN_EBS.18.121, Sup. 1.xlsm",OK,GIN_EBS.18.121_Macro_Debt_Data
Guinea_GIN,"GIN_EBS.18.52, Sup. 2.xlsm",OK,GIN_EBS.18.52_Data_Input
Guinea_GIN,"GIN_EBS.19.72, Sup. 1.xlsm",OK,GIN_EBS.19.72_Macro_Debt_Data
Guinea_GIN,"GIN_EBS.20.116, Sup. 1.xlsm",OK,GIN_EBS.20.116_Macro_Debt_Data
Guinea_GIN,"GIN_EBS.20.175, Sup. 1.xlsm",OK,GIN_EBS.20.175_Macro_Debt_Data
Guinea_GIN,"GIN_EBS.20.22, Sup. 1.xlsm",OK,GIN_EBS.20.22_Macro_Debt_Data
Guinea_GIN,"GIN_EBS.22.119, Sup. 1.xlsm",OK,GIN_EBS.22.119_Macro_Debt_Data
Guinea_GIN,"GIN_SM.21.89, Sup. 1.xlsm",OK,GIN_SM.21.89_Macro_Debt_Data
Guyana_GUY,"GUY_SM.18.134, Sup. 2.xlsm",OK,GUY_SM.18.134_Data_Input
Guyana_GUY,"GUY_SM.19.199, Sup. 2.xlsm",OK,GUY_SM.19.199_Macro_Debt_Data
Guyana_GUY,"GUY_SM.22.195, Sup. 2.xlsm",OK,GUY_SM.22.195_Macro_Debt_Data
Guyana_GUY,"GUY_SM.23.219, Sup. 2.xlsm",OK,GUY_SM.23.219_Macro_Debt_Data
Haiti_HTI,"HTI_EBS.20.55, Sup. 1.xlsm",OK,HTI_EBS.20.55_Macro_Debt_Data
Haiti_HTI,HTI_EBS.22.59.xlsm,OK,HTI_EBS.22.59_Macro_Debt_Data
Haiti_HTI,"HTI_EBS.23.4, Sup. 1.xlsm",OK,HTI_EBS.23.4_Macro_Debt_Data
Haiti_HTI,"HTI_SM.19.283, Sup. 2.xlsm",OK,HTI_SM.19.283_Macro_Debt_Data
Honduras_HND,HND_EBS.19.62.xlsm,OK,HND_EBS.19.62_Macro_Debt_Data
Honduras_HND,"HND_EBS.20.102, Sup. 1.xlsm",OK,HND_EBS.20.102_Macro_Debt_Data
Honduras_HND,"HND_EBS.21.79, Sup. 1.xlsm",OK,HND_EBS.21.79_Macro_Debt_Data
Honduras_HND,"HND_EBS.23.94, Sup. 2.xlsm",OK,HND_EBS.23.94_Macro_Debt_Data
Honduras_HND,"HND_SM.18.114, Sup. 2.xlsm",OK,HND_SM.18.114_Data_Input
Kenya_KEN,"KEN_EBS.18.45, Sup. 1.xlsm",OK,KEN_EBS.18.45_Data_Input
Kenya_KEN,"KEN_EBS.20.88, Sup. 2.xlsm",OK,KEN_EBS.20.88_Macro_Debt_Data
Kenya_KEN,"KEN_EBS.21.112, Sup. 1.xlsm",OK,KEN_EBS.21.112_Macro_Debt_Data
Kenya_KEN,"KEN_EBS.21.29, Sup. 1.xlsm",OK,KEN_EBS.21.29_Macro_Debt_Data
Kenya_KEN,"KEN_EBS.22.116, Sup. 1.xlsm",OK,KEN_EBS.22.116_Macro_Debt_Data
Kenya_KEN,"KEN_EBS.23.76, Sup. 1.xlsm",OK,KEN_EBS.23.76_Macro_Debt_Data
Kenya_KEN,"KEN_EBS.24.1, Sup. 1.xlsm",OK,KEN_EBS.24.1_Macro_Debt_Data
Kiribati_KIR,"KIR_SM.18.297, Sup. 2.xlsm",OK,KIR_SM.18.297_Macro_Debt_Data
Kiribati_KIR,"KIR_SM.21.46, Sup. 2.xlsm",OK,KIR_SM.21.46_Macro_Debt_Data
Kiribati_KIR,"KIR_SM.23.83, Sup. 2.xlsm",OK,KIR_SM.23.83_Macro_Debt_Data
Kyrgyz Republic_KGZ,"KGZ_EBS.20.24, Sup. 1.xlsm",OK,KGZ_EBS.20.24_Macro_Debt_Data
Kyrgyz Republic_KGZ,"KGZ_SM.19.117, Sup. 2.xlsm",OK,KGZ_SM.19.117_Macro_Debt_Data
Kyrgyz Republic_KGZ,"KGZ_SM.21.75, Sup. 1, Cor. 1.xlsm",OK,KGZ_SM.21.75_Macro_Debt_Data
Kyrgyz Republic_KGZ,"KGZ_SM.23.3, Sup. 1.xlsm",OK,KGZ_SM.23.3_Macro_Debt_Data
Kyrgyz Republic_KGZ,"KGZ_SM.24.20, Sup. 2.xlsm",OK,KGZ_SM.24.20_Macro_Debt_Data
Lao PDR_LAO,"LAO_SM.18.26, Sup. 2.xlsm",OK,LAO_SM.18.26_Data_Input
Lao PDR_LAO,"LAO_SM.19.194, Sup. 2.xlsm",OK,LAO_SM.19.194_Macro_Debt_Data
Lao PDR_LAO,"LAO_SM.22.37, Sup. 2.xlsm",OK,LAO_SM.22.37_Macro_Debt_Data
Lao PDR_LAO,"LAO_SM.23.88, Sup. 1.xlsm",OK,LAO_SM.23.88_Macro_Debt_Data
Lesotho_LSO,"LSO_EBS.20.126, Sup. 1.xlsm",OK,LSO_EBS.20.126_Macro_Debt_Data
Lesotho_LSO,LSO_SM.18.22.xlsm,OK,LSO_SM.18.22_Data_Input
Lesotho_LSO,LSO_SM.19.79.xlsm,OK,LSO_SM.19.79_Macro_Debt_Data
Lesotho_LSO,"LSO_SM.22.102, Sup. 2.xlsm",OK,LSO_SM.22.102_Macro_Debt_Data
Lesotho_LSO,"LSO_SM.23.167, Sup. 2.xlsm",OK,LSO_SM.23.167_Macro_Debt_Data
Liberia_LBR,"LBR_EBS.19.102, Sup. 2.xlsm",OK,LBR_EBS.19.102_Macro_Debt_Data
Liberia_LBR,"LBR_EBS.20.110, Sup. 1.xlsm",OK,LBR_EBS.20.110_Macro_Debt_Data
Liberia_LBR,"LBR_EBS.20.184, Sup. 2.xlsm",OK,LBR_EBS.20.184_Macro_Debt_Data
Liberia_LBR,"LBR_EBS.22.72, Sup.1.xlsm",OK,LBR_EBS.22.72_Macro_Debt_Data
Liberia_LBR,"LBR_SM.18.124, Sup. 1.xlsm",OK,LBR_SM.18.124_Data_Input
Liberia_LBR,"LBR_SM.19.108, Sup. 2.xlsm",OK,LBR_SM.19.108_Macro_Debt_Data
Madagascar_MDG,"MDG_EBS.18.66, Sup. 1.xlsm",OK,MDG_EBS.18.66_Data_Input
Madagascar_MDG,"MDG_EBS.19.73, Sup. 1.xlsm",OK,MDG_EBS.19.73_Macro_Debt_Data
Madagascar_MDG,"MDG_EBS.20.124, Sup. 1.xlsm",OK,MDG_EBS.20.124_Macro_Debt_Data
Madagascar_MDG,"MDG_EBS.20.3, Sup. 1.xlsm",OK,MDG_EBS.20.3_Macro_Debt_Data
Madagascar_MDG,MDG_EBS.20.30.xlsm,OK,MDG_EBS.20.30_Macro_Debt_Data
Madagascar_MDG,"MDG_EBS.21.26, Sup. 1.xlsm",OK,MDG_EBS.21.26_Macro_Debt_Data
Madagascar_MDG,"MDG_EBS.22.9, Sup. 1.xlsm",OK,MDG_EBS.22.9_Macro_Debt_Data
Madagascar_MDG,"MDG_EBS.23.14, Sup. 1.xlsm",OK,MDG_EBS.23.14_Macro_Debt_Data
Malawi_MWI,MWI_EBS.18.28.xlsm,OK,MWI_EBS.18.28_Data_Input
Malawi_MWI,MWI_EBS.18.96.xlsm,OK,MWI_EBS.18.96_Macro_Debt_Data
Malawi_MWI,"MWI_EBS.19.95, Sup. 2.xlsm",OK,MWI_EBS.19.95_Macro_Debt_Data
Malawi_MWI,"MWI_EBS.20.151, Sup. 1.xlsm",OK,MWI_EBS.20.151_Macro_Debt_Data
Malawi_MWI,"MWI_EBS.20.81, Sup. 1.xlsm",OK,MWI_EBS.20.81_Macro_Debt_Data
Malawi_MWI,"MWI_EBS.22.100, Sup. 1.xlsm",OK,MWI_EBS.22.100_Macro_Debt_Data
Malawi_MWI,"MWI_EBS.23.114, Sup. 1.xlsm",OK,MWI_EBS.23.114_Macro_Debt_Data
Malawi_MWI,"MWI_EBS.23.84, Sup. 1.xlsm",OK,MWI_EBS.23.84_Macro_Debt_Data
Malawi_MWI,"MWI_SM.21.200, Sup. 1.xlsm",OK,MWI_SM.21.200_Macro_Debt_Data
Maldives_MDV,"MDV_EBS.20.62, Sup. 1.xlsm",OK,MDV_EBS.20.62_Macro_Debt_Data
Maldives_MDV,"MDV_SM.19.95, Sup. 2.XLSM",OK,MDV_SM.19.95_Macro_Debt_Data
Maldives_MDV,"MDV_SM.21.150, Sup. 2.xlsm",OK,MDV_SM.21.150_Macro_Debt_Data
Maldives_MDV,"MDV_SM.22.251, Sup. 2.xlsm",OK,MDV_SM.22.251_Macro_Debt_Data
Mali_MLI,"MLI_EBS.18.35, Sup. 1.xlsm",OK,MLI_EBS.18.35_Data_Input
Mali_MLI,"MLI_EBS.19.78, Sup. 1.xlsm",OK,MLI_EBS.19.78_Data_Input
Mali_MLI,"MLI_EBS.20.78, Sup. 1.xlsm",OK,MLI_EBS.20.78_Macro_Debt_Data
Mali_MLI,"MLI_EBS.21.6, Sup. 1.xlsm",OK,MLI_EBS.21.6_Macro_Debt_Data
Mali_MLI,"MLI_SM.23.114, Sup. 1.xlsm",OK,MLI_SM.23.114_Macro_Debt_Data
Marshall Islands_MHL,"MHL_SM.18.214, Sup. 2.xlsm",OK,MHL_SM.18.214_Data_Input
Marshall Islands_MHL,"MHL_SM.21.66, Sup. 2.xlsm",OK,MHL_SM.21.66_Macro_Debt_Data
Marshall Islands_MHL,"MHL_SM.23.202, Sup. 2.xlsm",OK,MHL_SM.23.202_Macro_Debt_Data
Mauritania_MRT,"MRT_EBS.18.103, Sup. 1.XLSM",OK,MRT_EBS.18.103_Macro_Debt_Data
Mauritania_MRT,"MRT_EBS.19.100, Sup. 2.xlsm",OK,MRT_EBS.19.100_Macro_Debt_Data
Mauritania_MRT,"MRT_EBS.19.28, Sup. 1.xlsm",OK,MRT_EBS.19.28_Macro_Debt_Data
Mauritania_MRT,MRT_EBS.20.137.xlsm,OK,MRT_EBS.20.137_Macro_Debt_Data
Mauritania_MRT,"MRT_EBS.20.66, Sup. 1.xlsm",OK,MRT_EBS.20.66_Macro_Debt_Data
Mauritania_MRT,"MRT_EBS.23.139, Sup. 1.xlsm",OK,MRT_EBS.23.139_Macro_Debt_Data
Mauritania_MRT,"MRT_EBS.23.8, Sup. 1.xlsm",OK,MRT_EBS.23.8_Macro_Debt_Data
Micronesia_FSM,"FSM_SM.19.202, Sup. 2.xlsm",OK,FSM_SM.19.202_Macro_Debt_Data
Micronesia_FSM,"FSM_SM.21.178, Sup. 2.xlsm",OK,FSM_SM.21.178_Macro_Debt_Data
Micronesia_FSM,"FSM_SM.24.34, Sup. 2.xlsm",OK,FSM_SM.24.34_Macro_Debt_Data
Moldova_MDA,"MDA_EBS.19.79, Sup. 1.xlsm",OK,MDA_EBS.19.79_Macro_Debt_Data
Moldova_MDA,"MDA_EBS.20.12, Sup. 2.xlsm",OK,MDA_EBS.20.12_Macro_Debt_Data
Moldova_MDA,MDA_EBS.20.52.xlsm,OK,MDA_EBS.20.52_Macro_Debt_Data
Moldova_MDA,"MDA_EBS.21.114, Sup. 2.xlsm",OK,MDA_EBS.21.114_Macro_Debt_Data
Moldova_MDA,"MDA_EBS.22.124, Sup. 1.xlsm",OK,MDA_EBS.22.124_Macro_Debt_Data
Moldova_MDA,"MDA_EBS.22.34, Sup. 1.xlsm",OK,MDA_EBS.22.34_Macro_Debt_Data
Moldova_MDA,"MDA_EBS.23.125, Sup. 1.xlsm",OK,MDA_EBS.23.125_Macro_Debt_Data
Mozambique_MOZ,"MOZ_EBS.19.21, Sup.1.xlsm",OK,MOZ_EBS.19.21_Macro_Debt_Data
Mozambique_MOZ,"MOZ_EBS.20.67, Sup. 1.xlsm",OK,MOZ_EBS.20.67_Macro_Debt_Data
Mozambique_MOZ,"MOZ_EBS.22.31, Sup. 2.xlsm",OK,MOZ_EBS.22.31_Macro_Debt_Data
Mozambique_MOZ,"MOZ_EBS.23.155, Sup. 1.xlsm",OK,MOZ_EBS.23.155_Macro_Debt_Data
Mozambique_MOZ,"MOZ_EBS.23.74, Sup. 1.xlsm",OK,MOZ_EBS.23.74_Macro_Debt_Data
Mozambique_MOZ,"MOZ_SM.18.32, Sup. 2.xlsm",OK,MOZ_SM.18.32_Data_Input
Myanmar_MMR,"MMR_EBS.20.117, Sup. 1.xlsm",OK,MMR_EBS.20.117_Macro_Debt_Data
Myanmar_MMR,MMR_EBS.20.195.xlsm,OK,MMR_EBS.20.195_Macro_Debt_Data
Myanmar_MMR,"MMR_SM.18.30, Sup. 1.xlsm",OK,MMR_SM.18.30_Data_Input
Myanmar_MMR,"MMR_SM.19.41, Sup. 2.xlsm",OK,MMR_SM.19.41_Macro_Debt_Data
Myanmar_MMR,"MMR_SM.20.42, Sup. 2.xlsm",OK,MMR_SM.20.42_Macro_Debt_Data
Nepal_NPL,NPL_EBS.20.84.xlsm,OK,NPL_EBS.20.84_Macro_Debt_Data
Nepal_NPL,"NPL_EBS.21.125, Sup. 1.xlsm",OK,NPL_EBS.21.125_Macro_Debt_Data
Nepal_NPL,"NPL_EBS.23.41, Sup. 2.xlsm",OK,NPL_EBS.23.41_Macro_Debt_Data
Nepal_NPL,"NPL_SM.19.20, Sup. 2.xlsm",OK,NPL_SM.19.20_Macro_Debt_Data
Nepal_NPL,"NPL_SM.20.53, Sup. 2.xlsm",OK,NPL_SM.20.53_Macro_Debt_Data
Nicaragua_NIC,NIC_EBS.20.168.xlsm,OK,NIC_EBS.20.168_Macro_Debt_Data
Nicaragua_NIC,"NIC_SM.20.36, Sup. 2.xlsm",OK,NIC_SM.20.36_Macro_Debt_Data
Nicaragua_NIC,"NIC_SM.23.6, Sup. 2.xlsm",OK,NIC_SM.23.6_Macro_Debt_Data
Nicaragua_NIC,"NIC_SM.24.4, Sup. 2.xlsm",OK,NIC_SM.24.4_Macro_Debt_Data
Niger_NER,"NER_EBS.18.107, Sup. 1.xlsm",OK,NER_EBS.18.107_Macro_Debt_Data
Niger_NER,"NER_EBS.19.53, Sup. 2.xlsm",OK,NER_EBS.19.53_Macro_Debt_Data
Niger_NER,"NER_EBS.20.158, Sup. 1.xlsm",OK,NER_EBS.20.158_Macro_Debt_Data
Niger_NER,NER_EBS.20.44.xlsm,OK,NER_EBS.20.44_Macro_Debt_Data
Niger_NER,"NER_EBS.21.101, Sup. 1.xlsm",OK,NER_EBS.21.101_Macro_Debt_Data
Niger_NER,"NER_EBS.22.113, Sup. 1.xlsm",OK,NER_EBS.22.113_Macro_Debt_Data
Niger_NER,"NER_EBS.23.73, Sup. 1.xlsm",OK,NER_EBS.23.73_Macro_Debt_Data
Papua New Guinea_PNG,"PNG_EBS.20.109, Sup. 1.xlsm",OK,PNG_EBS.20.109_Macro_Debt_Data
Papua New Guinea_PNG,"PNG_EBS.20.9, Sup. 2.xlsm",OK,PNG_EBS.20.9_Macro_Debt_Data
Papua New Guinea_PNG,"PNG_EBS.22.38, Sup. 2.xlsm",OK,PNG_EBS.22.38_Macro_Debt_Data
Papua New Guinea_PNG,"PNG_EBS.23.113, Sup. 1.xlsm",OK,PNG_EBS.23.113_Macro_Debt_Data
Papua New Guinea_PNG,"PNG_EBS.23.18, Sup. 2.xlsm",OK,PNG_EBS.23.18_Macro_Debt_Data
Papua New Guinea_PNG,"PNG_SM.18.267, Sup. 2.xlsm",OK,PNG_SM.18.267_Macro_Debt_Data
Rwanda_RWA,"RWA_EBS.18.43, Sup. 1.xlsm",OK,RWA_EBS.18.43_Data_Input
Rwanda_RWA,"RWA_EBS.19.52, Sup. 1.XLSM",OK,RWA_EBS.19.52_Macro_Debt_Data
Rwanda_RWA,"RWA_EBS.20.114, Sup. 1.xlsm",OK,RWA_EBS.20.114_Macro_Debt_Data
Rwanda_RWA,"RWA_EBS.20.179, Sup. 1.xlsm",OK,RWA_EBS.20.179_Macro_Debt_Data
Rwanda_RWA,RWA_EBS.20.29.XLSM,OK,RWA_EBS.20.29_Macro_Debt_Data
Rwanda_RWA,RWA_EBS.21.120.xlsm,OK,RWA_EBS.21.120_Macro_Debt_Data
Rwanda_RWA,RWA_EBS.21.55.xlsm,OK,RWA_EBS.21.55_Macro_Debt_Data
Rwanda_RWA,"RWA_EBS.22.106, Sup. 1.xlsm",OK,RWA_EBS.22.106_Macro_Debt_Data
Rwanda_RWA,"RWA_EBS.23.134, Sup. 1.xlsm",OK,RWA_EBS.23.134_Macro_Debt_Data
Samoa_WSM,"WSM_EBS.20.68, Sup. 1.xlsm",OK,WSM_EBS.20.68_Macro_Debt_Data
Samoa_WSM,"WSM_SM.18.86, Sup. 2.xlsm",OK,WSM_SM.18.86_Data_Input
Samoa_WSM,"WSM_SM.19.62, Sup. 2.xlsm",OK,WSM_SM.19.62_Macro_Debt_Data
Samoa_WSM,"WSM_SM.21.25, Sup. 1.xlsm",OK,WSM_SM.21.25_Macro_Debt_Data
Samoa_WSM,"WSM_SM.23.46, Sup. 1.xlsm",OK,WSM_SM.23.46_Macro_Debt_Data
Sao Tome and Principe_STP,"STP_EBS.18.68, Sup. 1.xlsm",OK,STP_EBS.18.68_Data_Input
Sao Tome and Principe_STP,"STP_EBS.19.83, Sup. 1.xlsm",OK,STP_EBS.19.83_Macro_Debt_Data
Sao Tome and Principe_STP,"STP_EBS.20.127, Sup. 1.xlsm",OK,STP_EBS.20.127_Macro_Debt_Data
Sao Tome and Principe_STP,"STP_EBS.20.61, Sup. 1.xlsm",OK,STP_EBS.20.61_Macro_Debt_Data
Sao Tome and Principe_STP,"STP_EBS.21.1, Sup. 1.xlsm",OK,STP_EBS.21.1_Macro_Debt_Data
Sao Tome and Principe_STP,"STP_EBS.21.77, Sup. 1.xlsm",OK,STP_EBS.21.77_Macro_Debt_Data
Sao Tome and Principe_STP,"STP_EBS.22.15, Sup. 1.xlsm",OK,STP_EBS.22.15_Macro_Debt_Data
Sao Tome and Principe_STP,"STP_EBS.22.74, Sup.1.xlsm",OK,STP_EBS.22.74_Macro_Debt_Data
Senegal_SEN,"SEN_EBS.18.126, Sup. 1.xlsm",OK,SEN_EBS.18.126_Macro_Debt_Data
Senegal_SEN,"SEN_EBS.19.125,Sup. 1.xlsm",OK,SEN_EBS.19.125_Macro_Debt_Data
Senegal_SEN,"SEN_EBS.20.191, Sup. 1.xlsm",OK,SEN_EBS.20.191_Macro_Debt_Data
Senegal_SEN,"SEN_EBS.20.40, Sup. 1.xlsm",OK,SEN_EBS.20.40_Macro_Debt_Data
Senegal_SEN,"SEN_EBS.21.121, Sup. 1.xlsm",OK,SEN_EBS.21.121_Macro_Debt_Data
Senegal_SEN,"SEN_EBS.21.48, Sup. 1.xlsm",OK,SEN_EBS.21.48_Macro_Debt_Data
Senegal_SEN,"SEN_EBS.22.49, Sup. 1.xlsm",OK,SEN_EBS.22.49_Macro_Debt_Data
Senegal_SEN,"SEN_EBS.23.66, Sup. 1.xlsm",OK,SEN_EBS.23.66_Macro_Debt_Data
Sierra Leone_SLE,"SLE_EBS.18.99, Sup. 1.xlsm",OK,SLE_EBS.18.99_Macro_Debt_Data
Sierra Leone_SLE,"SLE_EBS.20.106, Sup. 1.xlsm",OK,SLE_EBS.20.106_Macro_Debt_Data
Sierra Leone_SLE,SLE_EBS.20.27.xlsm,OK,SLE_EBS.20.27_Macro_Debt_Data
Sierra Leone_SLE,"SLE_EBS.21.12, Sup. 1.xlsm",OK,SLE_EBS.21.12_Macro_Debt_Data
Sierra Leone_SLE,"SLE_EBS.21.68, Sup. 1.xlsm",OK,SLE_EBS.21.68_Macro_Debt_Data
Sierra Leone_SLE,"SLE_EBS.22.52, Sup.1.xlsm",OK,SLE_EBS.22.52_Macro_Debt_Data
Sierra Leone_SLE,"SLE_EBS.23.117, Sup. 1.xlsm",OK,SLE_EBS.23.117_Macro_Debt_Data
Sierra Leone_SLE,SLE_EBS.23.55. Sup. 1.xlsm,OK,SLE_EBS.23.55._Macro_Debt_Data
Solomon Islands_SLB,"SLB_EBS.20.104, Sup. 1.xlsm",OK,SLB_EBS.20.104_Macro_Debt_Data
Solomon Islands_SLB,"SLB_SM.18.236, Sup. 2.XLSM",OK,SLB_SM.18.236_Macro_Debt_Data
Solomon Islands_SLB,"SLB_SM.18.4, Sup. 2.xlsm",OK,SLB_SM.18.4_Data_Input
Solomon Islands_SLB,"SLB_SM.20.26, Sup. 2.xlsm",OK,SLB_SM.20.26_Macro_Debt_Data
Solomon Islands_SLB,"SLB_SM.21.211, Sup. 1.xlsm",OK,SLB_SM.21.211_Macro_Debt_Data
Solomon Islands_SLB,"SLB_SM.23.89, Sup. 2.xlsm",OK,SLB_SM.23.89_Macro_Debt_Data
Somalia_SOM,"SOM_EBS.19.67, Sup. 2.xlsm",OK,SOM_EBS.19.67_Macro_Debt_Data
Somalia_SOM,"SOM_EBS.20.165, Sup. 1.xlsm",OK,SOM_EBS.20.165_Macro_Debt_Data
Somalia_SOM,"SOM_EBS.20.20, Sup. 1.xlsm",OK,SOM_EBS.20.20_Macro_Debt_Data
Somalia_SOM,"SOM_EBS.22.43, Sup. 1.xlsm",OK,SOM_EBS.22.43_Macro_Debt_Data
Somalia_SOM,"SOM_EBS.23.130, Sup. 1.xlsm",OK,SOM_EBS.23.130_Macro_Debt_Data
Somalia_SOM,"SOM_EBS.23.45, Sup. 1.xlsm",OK,SOM_EBS.23.45_Macro_Debt_Data
South Sudan_SSD,"SSD_EBS.20.162, Sup. 1.xlsm",OK,SSD_EBS.20.162_Macro_Debt_Data
South Sudan_SSD,"SSD_EBS.21.27, Sup. 1.xlsm",OK,SSD_EBS.21.27_Macro_Debt_Data
South Sudan_SSD,"SSD_EBS.22.68, Sup. 1.xlsm",OK,SSD_EBS.22.68_Macro_Debt_Data
South Sudan_SSD,"SSD_EBS.23.15, Sup. 1.xlsm",OK,SSD_EBS.23.15_Macro_Debt_Data
South Sudan_SSD,"SSD_SM.19.105, Sup. 2.xlsm",OK,SSD_SM.19.105_Macro_Debt_Data
St. Vincent_VCT,"VCT_EBS.20.96, Sup. 1.xlsm",OK,VCT_EBS.20.96_Macro_Debt_Data
St. Vincent_VCT,VCT_EBS.21.64.xlsm,OK,VCT_EBS.21.64_Macro_Debt_Data
St. Vincent_VCT,"VCT_SM.19.23, Sup. 2.xlsm",OK,VCT_SM.19.23_Macro_Debt_Data
St. Vincent_VCT,"VCT_SM.22.243, Sup. 2.xlsm",OK,VCT_SM.22.243_Macro_Debt_Data
Sudan_SDN,"SDN_EBS.20.138, Sup. 1.xlsm",OK,SDN_EBS.20.138_Macro_Debt_Data
Sudan_SDN,"SDN_EBS.21.60, Sup. 1.xlsm",OK,SDN_EBS.21.60_Macro_Debt_Data
Sudan_SDN,"SDN_SM.20.38, Sup. 2.xlsm",OK,SDN_SM.20.38_Macro_Debt_Data
Tajikistan_TJK,"TJK_EBS.20.86, Sup. 2.xlsm",OK,TJK_EBS.20.86_Macro_Debt_Data
Tajikistan_TJK,"TJK_EBS.24.12, Sup. 1.xlsm",OK,TJK_EBS.24.12_Macro_Debt_Data
Tajikistan_TJK,"TJK_SM.19.289, Sup. 2.xlsm",OK,TJK_SM.19.289_Macro_Debt_Data
Tajikistan_TJK,"TJK_SM.22.1, Sup. 2.xlsm",OK,TJK_SM.22.1_Macro_Debt_Data
Tajikistan_TJK,"TJK_SM.23.42, Sup. 1.xlsm",OK,TJK_SM.23.42_Macro_Debt_Data
Tazania_TZA,"TZA_EBS.21.78, Sup.1.xlsm",OK,TZA_EBS.21.78_Macro_Debt_Data
Tazania_TZA,"TZA_EBS.22.64, Sup. 1.xlsm",OK,TZA_EBS.22.64_Macro_Debt_Data
Tazania_TZA,"TZA_EBS.23.36, Sup. 2.xlsm",OK,TZA_EBS.23.36_Macro_Debt_Data
Tazania_TZA,"TZA_SM.19.49, Sup. 2.xlsm",OK,TZA_SM.19.49_Macro_Debt_Data
Timor-Leste_TLS,"TLS_SM.19.57, Sup. 2.xlsm",OK,TLS_SM.19.57_Macro_Debt_Data
Timor-Leste_TLS,"TLS_SM.21.111, Sup. 2.xlsm",OK,TLS_SM.21.111_Macro_Debt_Data
Timor-Leste_TLS,"TLS_SM.22.204, Sup. 2.xlsm",OK,TLS_SM.22.204_Macro_Debt_Data
Timor-Leste_TLS,"TLS_SM.24.30, Sup. 2.xlsm",OK,TLS_SM.24.30_Macro_Debt_Data
Togo_TGO,"TGO_ EBS.19.88, Sup. 1.xlsm",OK,TGO_ EBS.19.88_Macro_Debt_Data
Togo_TGO,"TGO_EBS.18.106, Sup. 1.xlsm",OK,TGO_EBS.18.106_Macro_Debt_Data
Togo_TGO,"TGO_EBS.18.46, Sup. 1.xlsm",OK,TGO_EBS.18.46_Data_Input
Togo_TGO,"TGO_EBS.19.50, Sup. 2.xlsm",OK,TGO_EBS.19.50_Macro_Debt_Data
Togo_TGO,"TGO_EBS.20.28, Sup. 1.xlsm",OK,TGO_EBS.20.28_Macro_Debt_Data
Togo_TGO,"TGO_EBS.24.14, Sup. 1.xlsm",OK,TGO_EBS.24.14_Macro_Debt_Data
Tonga_TON,"TON_EBS.20.196, Sup. 1.xlsm",OK,TON_EBS.20.196_Macro_Debt_Data
Tonga_TON,"TON_EBS.22.63, Sup. 1.xlsm",OK,TON_EBS.22.63_Macro_Debt_Data
Tonga_TON,"TON_SM.23.215, Sup. 2.xlsm",OK,TON_SM.23.215_Macro_Debt_Data
Tuvalu_TUV,"TUV_ SM.21.131, Sup. 2.xlsm",OK,TUV_ SM.21.131_Macro_Debt_Data
Tuvalu_TUV,"TUV_SM.18.151, Sup. 1.xlsm",OK,TUV_SM.18.151_Data_Input
Tuvalu_TUV,"TUV_SM.23.157, Sup. 1.xlsm",OK,TUV_SM.23.157_Macro_Debt_Data
Uganda_UGA,"UGA_EBS.20.87, Sup. 1.xlsm",OK,UGA_EBS.20.87_Macro_Debt_Data
Uganda_UGA,"UGA_EBS.21.54, Sup 1.xlsm",OK,UGA_EBS.21.54_Macro_Debt_Data
Uganda_UGA,"UGA_EBS.22.8, Sup. 2.xlsm",OK,UGA_EBS.22.8_Macro_Debt_Data
Uganda_UGA,"UGA_EBS.23.62, Sup. 1.xlsm",OK,UGA_EBS.23.62_Macro_Debt_Data
Uganda_UGA,"UGA_SM.19.81, Sup. 2.xlsm",OK,UGA_SM.19.81_Macro_Debt_Data
Uzbekistan_UZB,"UZB_EBS.20.95, Sup. 1.xlsm",OK,UZB_EBS.20.95_Macro_Debt_Data
Uzbekistan_UZB,"UZB_SM.18.89, Sup. 2.xlsm",OK,UZB_SM.18.89_Data_Input
Uzbekistan_UZB,"UZB_SM.19.83, Sup. 2.xlsm",OK,UZB_SM.19.83_Macro_Debt_Data
Uzbekistan_UZB,"UZB_SM.21.47, Sup. 2.xlsm",OK,UZB_SM.21.47_Macro_Debt_Data
Uzbekistan_UZB,"UZB_SM.22.120, Sup. 1.xlsm",OK,UZB_SM.22.120_Macro_Debt_Data
Vanuatu_VUT,"VUT_SM.18.72, Sup. 2.xlsm",OK,VUT_SM.18.72_Data_Input
Vanuatu_VUT,"VUT_SM.19.113, Sup. 2.xlsm",OK,VUT_SM.19.113_Macro_Debt_Data
Vanuatu_VUT,"VUT_SM.21.151, Sup. 2.xlsm",OK,VUT_SM.21.151_Macro_Debt_Data
Vanuatu_VUT,"VUT_SM.23.52, Sup. 1.xlsm",OK,VUT_SM.23.52_Macro_Debt_Data
Yemen_YEM,YEM_EBS.16.53_2016-06-01.xlsm,OK,YEM_EBS.16.53_2016-0_Data_Input
Zambia_ZMB,"ZMB_EBS.22.73, Sup. 1.xlsm",OK,ZMB_EBS.22.73_Macro_Debt_Data
Zambia_ZMB,"ZMB_EBS.23.146, Sup. 1.xlsm",OK,ZMB_EBS.23.146_Macro_Debt_Data
Zambia_ZMB,"ZMB_EBS.23.77, Sup. 2.xlsm",OK,ZMB_EBS.23.77_Macro_Debt_Data
Zambia_ZMB,"ZMB_SM.19.188, Sup. 2.xlsm",OK,ZMB_SM.19.188_Macro_Debt_Data
Zimbabwe_ZWE,"ZWE_SM.20.43, Sup. 1.xlsm",OK,ZWE_SM.20.43_Macro_Debt_Data
Zimbabwe_ZWE,"ZWE_SM.22.50, Sup. 2.xlsm",OK,ZWE_SM.22.50_Macro_Debt_Data
Zimbabwe_ZWE,"ZWE_SM.23.55, Sup. 1.xlsm",OK,ZWE_SM.23.55_Macro_Debt_Data
